dt	activity	coherence	attention	channel	observed	roamX	roamY	flip	lit
0.03333333333333333	0.12	0.95	0	reasoning	1	0	0	1	1
0.03333333333333333	0.12	0.95	0	reasoning	1	0	0	1	1
0.03333333333333333	0.12	0.95	0	reasoning	1	0	0	1	1
0.03333333333333333	0.12	0.95	0	reasoning	1	0	0	1	1
0.03333333333333333	0.12	0.95	0	reasoning	1	0	0	1	1
0.03333333333333333	0.12	0.95	0	reasoning	1	0	0	1	1
0.03333333333333333	0.12	0.95	0	reasoning	1	0	0	1	1
0.03333333333333333	0.12	0.95	0	reasoning	1	0	0	1	1
0.03333333333333333	0.12	0.95	0	reasoning	1	0	0	1	1
0.03333333333333333	0.12	0.95	0	reasoning	1	0	0	1	1
0.03333333333333333	0.12	0.95	0	reasoning	1	0	0	1	1
0.03333333333333333	0.12	0.95	0	reasoning	1	0	0	1	1
0.03333333333333333	0.12	0.95	0	reasoning	1	0	0	1	1
0.03333333333333333	0.12	0.95	0	reasoning	1	0	0	1	1
0.03333333333333333	0.12	0.95	0	reasoning	1	0	0	1	1
0.03333333333333333	0.12	0.95	0	reasoning	1	0	0	1	1
0.03333333333333333	0.12	0.95	0	reasoning	1	0	0	1	1
0.03333333333333333	0.12	0.95	0	reasoning	1	0	0	1	1
0.03333333333333333	0.12	0.95	0	reasoning	1	0	0	1	1
0.03333333333333333	0.12	0.95	0	reasoning	1	0	0	1	1
0.03333333333333333	0.12	0.95	0	reasoning	1	0	0	1	1
0.03333333333333333	0.12	0.95	0	reasoning	1	0	0	1	1
0.03333333333333333	0.12	0.95	0	reasoning	1	0	0	1	1
0.03333333333333333	0.12	0.95	0	reasoning	1	0	0	1	1
0.03333333333333333	0.12	0.95	0	reasoning	1	0	0	1	1
0.03333333333333333	0.12	0.95	0	reasoning	1	0	0	1	1
0.03333333333333333	0.12	0.95	0	reasoning	1	0	0	1	1
0.03333333333333333	0.12	0.95	0	reasoning	1	0	0	1	1
0.03333333333333333	0.12	0.95	0	reasoning	1	0	0	1	1
0.03333333333333333	0.12	0.95	0	reasoning	1	0	0	1	1
0.03333333333333333	0.12	0.95	0	reasoning	1	0	0	1	1
0.03333333333333333	0.12	0.95	0	reasoning	1	0	0	1	1
0.03333333333333333	0.12	0.95	0	reasoning	1	0	0	1	1
0.03333333333333333	0.12	0.95	0	reasoning	1	0	0	1	1
0.03333333333333333	0.12	0.95	0	reasoning	1	0	0	1	1
0.03333333333333333	0.12	0.95	0	reasoning	1	0	0	1	1
0.03333333333333333	0.12	0.95	0	reasoning	1	0	0	1	1
0.03333333333333333	0.12	0.95	0	reasoning	1	0	0	1	1
0.03333333333333333	0.12	0.95	0	reasoning	1	0	0	1	1
0.03333333333333333	0.12	0.95	0	reasoning	1	0	0	1	1
0.03333333333333333	0.12	0.95	0	reasoning	1	0	0	1	1
0.03333333333333333	0.12	0.95	0	reasoning	1	0	0	1	1
0.03333333333333333	0.12	0.95	0	reasoning	1	0	0	1	1
0.03333333333333333	0.12	0.95	0	reasoning	1	0	0	1	1
0.03333333333333333	0.12	0.95	0	reasoning	1	0	0	1	1
0.03333333333333333	0.12	0.95	0	reasoning	1	0	0	1	1
0.03333333333333333	0.12	0.95	0	reasoning	1	0	0	1	1
0.03333333333333333	0.12	0.95	0	reasoning	1	0	0	1	1
0.03333333333333333	0.12	0.95	0	reasoning	1	0	0	1	1
0.03333333333333333	0.12	0.95	0	reasoning	1	0	0	1	1
0.03333333333333333	0.12	0.95	0	reasoning	1	0	0	1	1
0.03333333333333333	0.12	0.95	0	reasoning	1	0	0	1	1
0.03333333333333333	0.12	0.95	0	reasoning	1	0	0	1	1
0.03333333333333333	0.12	0.95	0	reasoning	1	0	0	1	1
0.03333333333333333	0.12	0.95	0	reasoning	1	0	0	1	1
0.03333333333333333	0.12	0.95	0	reasoning	1	0	0	1	1
0.03333333333333333	0.12	0.95	0	reasoning	1	0	0	1	1
0.03333333333333333	0.12	0.95	0	reasoning	1	0	0	1	1
0.03333333333333333	0.12	0.95	0	reasoning	1	0	0	1	1
0.03333333333333333	0.12	0.95	0	reasoning	1	0	0	1	1
0.03333333333333333	0.12	0.95	0	reasoning	1	0	0	1	1
0.03333333333333333	0.12	0.95	0	reasoning	1	0	0	1	1
0.03333333333333333	0.12	0.95	0	reasoning	1	0	0	1	1
0.03333333333333333	0.12	0.95	0	reasoning	1	0	0	1	1
0.03333333333333333	0.12	0.95	0	reasoning	1	0	0	1	1
0.03333333333333333	0.12	0.95	0	reasoning	1	0	0	1	1
0.03333333333333333	0.12	0.95	0	reasoning	1	0	0	1	1
0.03333333333333333	0.12	0.95	0	reasoning	1	0	0	1	1
0.03333333333333333	0.12	0.95	0	reasoning	1	0	0	1	1
0.03333333333333333	0.12	0.95	0	reasoning	1	0	0	1	1
0.03333333333333333	0.12	0.95	0	reasoning	1	0	0	1	1
0.03333333333333333	0.12	0.95	0	reasoning	1	0	0	1	1
0.03333333333333333	0.12	0.95	0	reasoning	1	0	0	1	1
0.03333333333333333	0.12	0.95	0	reasoning	1	0	0	1	1
0.03333333333333333	0.12	0.95	0	reasoning	1	0	0	1	1
0.03333333333333333	0.12	0.95	0	reasoning	1	0	0	1	1
0.03333333333333333	0.12	0.95	0	reasoning	1	0	0	1	1
0.03333333333333333	0.12	0.95	0	reasoning	1	0	0	1	1
0.03333333333333333	0.12	0.95	0	reasoning	1	0	0	1	1
0.03333333333333333	0.12	0.95	0	reasoning	1	0	0	1	1
0.03333333333333333	0.12	0.95	0	reasoning	1	0	0	1	1
0.03333333333333333	0.12	0.95	0	reasoning	1	0	0	1	1
0.03333333333333333	0.12	0.95	0	reasoning	1	0	0	1	1
0.03333333333333333	0.12	0.95	0	reasoning	1	0	0	1	1
0.03333333333333333	0.12	0.95	0	reasoning	1	0	0	1	1
0.03333333333333333	0.12	0.95	0	reasoning	1	0	0	1	1
0.03333333333333333	0.12	0.95	0	reasoning	1	0	0	1	1
0.03333333333333333	0.12	0.95	0	reasoning	1	0	0	1	1
0.03333333333333333	0.12	0.95	0	reasoning	1	0	0	1	1
0.03333333333333333	0.12	0.95	0	reasoning	1	0	0	1	1
0.03333333333333333	0.12	0.95	0	reasoning	1	0	0	1	1
0.03333333333333333	0.12	0.95	0	reasoning	1	0	0	1	1
0.03333333333333333	0.12	0.95	0	reasoning	1	0	0	1	1
0.03333333333333333	0.12	0.95	0	reasoning	1	0	0	1	1
0.03333333333333333	0.12	0.95	0	reasoning	1	0	0	1	1
0.03333333333333333	0.12	0.95	0	reasoning	1	0	0	1	1
0.03333333333333333	0.12	0.95	0	reasoning	1	0	0	1	1
0.03333333333333333	0.12	0.95	0	reasoning	1	0	0	1	1
0.03333333333333333	0.12	0.95	0	reasoning	1	0	0	1	1
0.03333333333333333	0.12	0.95	0	reasoning	1	0	0	1	1
0.03333333333333333	0.12	0.95	0	reasoning	1	0	0	1	1
0.03333333333333333	0.12	0.95	0	reasoning	1	0	0	1	1
0.03333333333333333	0.12	0.95	0	reasoning	1	0	0	1	1
0.03333333333333333	0.12	0.95	0	reasoning	1	0	0	1	1
0.03333333333333333	0.12	0.95	0	reasoning	1	0	0	1	1
0.03333333333333333	0.12	0.95	0	reasoning	1	0	0	1	1
0.03333333333333333	0.12	0.95	0	reasoning	1	0	0	1	1
0.03333333333333333	0.12	0.95	0	reasoning	1	0	0	1	1
0.03333333333333333	0.12	0.95	0	reasoning	1	0	0	1	1
0.03333333333333333	0.12	0.95	0	reasoning	1	0	0	1	1
0.03333333333333333	0.12	0.95	0	reasoning	1	0	0	1	1
0.03333333333333333	0.12	0.95	0	reasoning	1	0	0	1	1
0.03333333333333333	0.12	0.95	0	reasoning	1	0	0	1	1
0.03333333333333333	0.12	0.95	0	reasoning	1	0	0	1	1
0.03333333333333333	0.12	0.95	0	reasoning	1	0	0	1	1
0.03333333333333333	0.12	0.95	0	reasoning	1	0	0	1	1
0.03333333333333333	0.12	0.95	0	reasoning	1	0	0	1	1
0.03333333333333333	0.12	0.95	0	reasoning	1	0	0	1	1
0.03333333333333333	0.12	0.95	0	reasoning	1	0	0	1	1
0.03333333333333333	0.12	0.95	0	reasoning	1	0	0	1	1
0.03333333333333333	0.12	0.95	0	reasoning	1	0	0	1	1
0.03333333333333333	0.12	0.95	0	reasoning	1	0	0	1	1
0.03333333333333333	0.12	0.95	0	reasoning	1	0	0	1	1
0.03333333333333333	0.12	0.95	0	reasoning	1	0	0	1	1
0.03333333333333333	0.12	0.95	0	reasoning	1	0	0	1	1
0.03333333333333333	0.12	0.95	0	reasoning	1	0	0	1	1
0.03333333333333333	0.12	0.95	0	reasoning	1	0	0	1	1
0.03333333333333333	0.12	0.95	0	reasoning	1	0	0	1	1
0.03333333333333333	0.12	0.95	0	reasoning	1	0	0	1	1
0.03333333333333333	0.12	0.95	0	reasoning	1	0	0	1	1
0.03333333333333333	0.12	0.95	0	reasoning	1	0	0	1	1
0.03333333333333333	0.12	0.95	0	reasoning	1	0	0	1	1
0.03333333333333333	0.12	0.95	0	reasoning	1	0	0	1	1
0.03333333333333333	0.12	0.95	0	reasoning	1	0	0	1	1
0.03333333333333333	0.12	0.95	0	reasoning	1	0	0	1	1
0.03333333333333333	0.12	0.95	0	reasoning	1	0	0	1	1
0.03333333333333333	0.12	0.95	0	reasoning	1	0	0	1	1
0.03333333333333333	0.12	0.95	0	reasoning	1	0	0	1	1
0.03333333333333333	0.12	0.95	0	reasoning	1	0	0	1	1
0.03333333333333333	0.12	0.95	0	reasoning	1	0	0	1	1
0.03333333333333333	0.12	0.95	0	reasoning	1	0	0	1	1
0.03333333333333333	0.12	0.95	0	reasoning	1	0	0	1	1
0.03333333333333333	0.12	0.95	0	reasoning	1	0	0	1	1
0.03333333333333333	0.12	0.95	0	reasoning	1	0	0	1	1
0.03333333333333333	0.12	0.95	0	reasoning	1	0	0	1	1
0.03333333333333333	0.12	0.95	0	reasoning	1	0	0	1	1
0.03333333333333333	0.12	0.95	0	reasoning	1	0	0	1	1
0.03333333333333333	0.12	0.95	0	reasoning	1	0	0	1	1
0.03333333333333333	0.12	0.95	0	reasoning	1	0	0	1	1
0.03333333333333333	0.12	0.95	0	reasoning	1	0	0	1	1
0.03333333333333333	0.12	0.95	0	reasoning	1	0	0	1	1
0.03333333333333333	0.12	0.95	0	reasoning	1	0	0	1	1
0.03333333333333333	0.12	0.95	0	reasoning	1	0	0	1	1
0.03333333333333333	0.12	0.95	0	reasoning	1	0	0	1	1
0.03333333333333333	0.12	0.95	0	reasoning	1	0	0	1	1
0.03333333333333333	0.12	0.95	0	reasoning	1	0	0	1	1
0.03333333333333333	0.12	0.95	0	reasoning	1	0	0	1	1
0.03333333333333333	0.12	0.95	0	reasoning	1	0	0	1	1
0.03333333333333333	0.12	0.95	0	reasoning	1	0	0	1	1
0.03333333333333333	0.12	0.95	0	reasoning	1	0	0	1	1
0.03333333333333333	0.12	0.95	0	reasoning	1	0	0	1	1
0.03333333333333333	0.12	0.95	0	reasoning	1	0	0	1	1
0.03333333333333333	0.12	0.95	0	reasoning	1	0	0	1	1
0.03333333333333333	0.12	0.95	0	reasoning	1	0	0	1	1
0.03333333333333333	0.12	0.95	0	reasoning	1	0	0	1	1
0.03333333333333333	0.12	0.95	0	reasoning	1	0	0	1	1
0.03333333333333333	0.12	0.95	0	reasoning	1	0	0	1	1
0.03333333333333333	0.12	0.95	0	reasoning	1	0	0	1	1
0.03333333333333333	0.12	0.95	0	reasoning	1	0	0	1	1
0.03333333333333333	0.12	0.95	0	reasoning	1	0	0	1	1
0.03333333333333333	0.12	0.95	0	reasoning	1	0	0	1	1
0.03333333333333333	0.12	0.95	0	reasoning	1	0	0	1	1
0.03333333333333333	0.12	0.95	0	reasoning	1	0	0	1	1
0.03333333333333333	0.12	0.95	0	reasoning	1	0	0	1	1
0.03333333333333333	0.12	0.95	0	reasoning	1	0	0	1	1
0.03333333333333333	0.12	0.95	0	reasoning	1	0	0	1	1
0.03333333333333333	0.12	0.95	0	reasoning	1	0	0	1	1
0.03333333333333333	0.12	0.95	0	reasoning	1	0	0	1	1
0.03333333333333333	0.12	0.95	0	reasoning	1	0	0	1	1
0.03333333333333333	0.12	0.95	0	reasoning	1	0	0	1	1
0.03333333333333333	0.12	0.95	0	tool	1	0	0	1	1
0.03333333333333333	0.12083684267357736	0.9499163157326422	0	tool	1	0	0	1	1
0.03333333333333333	0.12329338084440125	0.9496706619155598	0	tool	1	0	0	1	1
0.03333333333333333	0.12728862973760932	0.949271137026239	0	tool	1	0	0	1	1
0.03333333333333333	0.13274160457833928	0.948725839542166	0	tool	1	0	0	1	1
0.03333333333333333	0.13957132059172875	0.948042867940827	0	tool	1	0	0	1	1
0.03333333333333333	0.14769679300291544	0.9472303206997084	0	tool	1	0	0	1	1
0.03333333333333333	0.15703703703703703	0.9462962962962963	0	tool	1	0	0	1	1
0.03333333333333333	0.16751106791923118	0.9452488932080768	0	tool	1	0	0	1	1
0.03333333333333333	0.17903790087463556	0.9440962099125364	0	tool	1	0	0	1	1
0.03333333333333333	0.19153655112838786	0.9428463448871611	0	tool	1	0	0	1	1
0.03333333333333333	0.20492603390562575	0.9415073966094374	0	tool	1	0	0	1	1
0.03333333333333333	0.2191253644314869	0.9400874635568512	0	tool	1	0	0	1	1
0.03333333333333333	0.23405355793110894	0.9385946442068891	0	tool	1	0	0	1	1
0.03333333333333333	0.24962962962962962	0.937037037037037	0	tool	1	0	0	1	1
0.03333333333333333	0.2657725947521866	0.9354227405247814	0	tool	1	0	0	1	1
0.03333333333333333	0.28240146852391745	0.9337598531476082	0	tool	1	0	0	1	1
0.03333333333333333	0.2994352661699601	0.932056473383004	0	tool	1	0	0	1	1
0.03333333333333333	0.31679300291545187	0.9303206997084548	0	tool	1	0	0	1	1
0.03333333333333333	0.33439369398553076	0.9285606306014469	0	tool	1	0	0	1	1
0.03333333333333333	0.3521563546053341	0.9267843645394666	0	tool	1	0	0	1	1
0.03333333333333333	0.37	0.925	0	tool	1	0	0	1	1
0.03333333333333333	0.3878436453946658	0.9232156354605334	0	tool	1	0	0	1	1
0.03333333333333333	0.4056063060144693	0.9214393693985531	0	tool	1	0	0	1	1
0.03333333333333333	0.42320699708454806	0.9196793002915452	0	tool	1	0	0	1	1
0.03333333333333333	0.4405647338300399	0.917943526616996	0	tool	1	0	0	1	1
0.03333333333333333	0.4575985314760825	0.9162401468523917	0	tool	1	0	0	1	1
0.03333333333333333	0.4742274052478134	0.9145772594752186	0	tool	1	0	0	1	1
0.03333333333333333	0.49037037037037035	0.912962962962963	0	tool	1	0	0	1	1
0.03333333333333333	0.5059464420688911	0.9114053557931109	0	tool	1	0	0	1	1
0.03333333333333333	0.5208746355685131	0.9099125364431487	0	tool	1	0	0	1	1
0.03333333333333333	0.5350739660943742	0.9084926033905626	0	tool	1	0	0	1	1
0.03333333333333333	0.548463448871612	0.9071536551128389	0	tool	1	0	0	1	1
0.03333333333333333	0.5609620991253644	0.9059037900874636	0	tool	1	0	0	1	1
0.03333333333333333	0.5724889320807688	0.9047511067919232	0	tool	1	0	0	1	1
0.03333333333333333	0.582962962962963	0.9037037037037037	0	tool	1	0	0	1	1
0.03333333333333333	0.5923032069970846	0.9027696793002915	0	tool	1	0	0	1	1
0.03333333333333333	0.6004286794082712	0.9019571320591729	0	tool	1	0	0	1	1
0.03333333333333333	0.6072583954216608	0.9012741604578339	0	tool	1	0	0	1	1
0.03333333333333333	0.6127113702623906	0.900728862973761	0	tool	1	0	0	1	1
0.03333333333333333	0.6167066191555988	0.9003293380844402	0	tool	1	0	0	1	1
0.03333333333333333	0.6191631573264227	0.9000836842673577	0	tool	1	0	0	1	1
0.03333333333333333	0.62	0.9	0	tool	1	0	0	1	1
0.03333333333333333	0.62	0.9	0	tool	1	0	0	1	1
0.03333333333333333	0.62	0.9	0	tool	1	0	0	1	1
0.03333333333333333	0.62	0.9	0	tool	1	0	0	1	1
0.03333333333333333	0.62	0.9	0	tool	1	0	0	1	1
0.03333333333333333	0.62	0.9	0	tool	1	0	0	1	1
0.03333333333333333	0.62	0.9	0	tool	1	0	0	1	1
0.03333333333333333	0.62	0.9	0	tool	1	0	0	1	1
0.03333333333333333	0.62	0.9	0	tool	1	0	0	1	1
0.03333333333333333	0.62	0.9	0	tool	1	0	0	1	1
0.03333333333333333	0.62	0.9	0	tool	1	0	0	1	1
0.03333333333333333	0.62	0.9	0	tool	1	0	0	1	1
0.03333333333333333	0.62	0.9	0	tool	1	0	0	1	1
0.03333333333333333	0.62	0.9	0	tool	1	0	0	1	1
0.03333333333333333	0.62	0.9	0	tool	1	0	0	1	1
0.03333333333333333	0.62	0.9	0	tool	1	0	0	1	1
0.03333333333333333	0.62	0.9	0	tool	1	0	0	1	1
0.03333333333333333	0.62	0.9	0	tool	1	0	0	1	1
0.03333333333333333	0.62	0.9	0	tool	1	0	0	1	1
0.03333333333333333	0.62	0.9	0	tool	1	0	0	1	1
0.03333333333333333	0.62	0.9	0	tool	1	0	0	1	1
0.03333333333333333	0.62	0.9	0	tool	1	0	0	1	1
0.03333333333333333	0.62	0.9	0	tool	1	0	0	1	1
0.03333333333333333	0.62	0.9	0	tool	1	0	0	1	1
0.03333333333333333	0.62	0.9	0	tool	1	0	0	1	1
0.03333333333333333	0.62	0.9	0	tool	1	0	0	1	1
0.03333333333333333	0.62	0.9	0	tool	1	0	0	1	1
0.03333333333333333	0.62	0.9	0	tool	1	0	0	1	1
0.03333333333333333	0.62	0.9	0	tool	1	0	0	1	1
0.03333333333333333	0.62	0.9	0	tool	1	0	0	1	1
0.03333333333333333	0.62	0.9	0	tool	1	0	0	1	1
0.03333333333333333	0.62	0.9	0	tool	1	0	0	1	1
0.03333333333333333	0.62	0.9	0	tool	1	0	0	1	1
0.03333333333333333	0.62	0.9	0	tool	1	0	0	1	1
0.03333333333333333	0.62	0.9	0	tool	1	0	0	1	1
0.03333333333333333	0.62	0.9	0	tool	1	0	0	1	1
0.03333333333333333	0.62	0.9	0	tool	1	0	0	1	1
0.03333333333333333	0.62	0.9	0	tool	1	0	0	1	1
0.03333333333333333	0.62	0.9	0	tool	1	0	0	1	1
0.03333333333333333	0.62	0.9	0	tool	1	0	0	1	1
0.03333333333333333	0.62	0.9	0	tool	1	0	0	1	1
0.03333333333333333	0.62	0.9	0	tool	1	0	0	1	1
0.03333333333333333	0.62	0.9	0	tool	1	0	0	1	1
0.03333333333333333	0.62	0.9	0	tool	1	0	0	1	1
0.03333333333333333	0.62	0.9	0	tool	1	0	0	1	1
0.03333333333333333	0.62	0.9	0	tool	1	0	0	1	1
0.03333333333333333	0.62	0.9	0	tool	1	0	0	1	1
0.03333333333333333	0.62	0.9	0	tool	1	0	0	1	1
0.03333333333333333	0.62	0.9	0	tool	1	0	0	1	1
0.03333333333333333	0.62	0.9	0	tool	1	0	0	1	1
0.03333333333333333	0.62	0.9	0	tool	1	0	0	1	1
0.03333333333333333	0.62	0.9	0	tool	1	0	0	1	1
0.03333333333333333	0.62	0.9	0	tool	1	0	0	1	1
0.03333333333333333	0.62	0.9	0	tool	1	0	0	1	1
0.03333333333333333	0.62	0.9	0	tool	1	0	0	1	1
0.03333333333333333	0.62	0.9	0	tool	1	0	0	1	1
0.03333333333333333	0.62	0.9	0	tool	1	0	0	1	1
0.03333333333333333	0.62	0.9	0	tool	1	0	0	1	1
0.03333333333333333	0.62	0.9	0	tool	1	0	0	1	1
0.03333333333333333	0.62	0.9	0	tool	1	0	0	1	1
0.03333333333333333	0.62	0.9	0	tool	1	0	0	1	1
0.03333333333333333	0.62	0.9	0	tool	1	0	0	1	1
0.03333333333333333	0.62	0.9	0	tool	1	0	0	1	1
0.03333333333333333	0.62	0.9	0	tool	1	0	0	1	1
0.03333333333333333	0.62	0.9	0	tool	1	0	0	1	1
0.03333333333333333	0.62	0.9	0	tool	1	0	0	1	1
0.03333333333333333	0.62	0.9	0	tool	1	0	0	1	1
0.03333333333333333	0.62	0.9	0	tool	1	0	0	1	1
0.03333333333333333	0.62	0.9	0	tool	1	0	0	1	1
0.03333333333333333	0.62	0.9	0	tool	1	0	0	1	1
0.03333333333333333	0.62	0.9	0	tool	1	0	0	1	1
0.03333333333333333	0.62	0.9	0	tool	1	0	0	1	1
0.03333333333333333	0.62	0.9	0	tool	1	0	0	1	1
0.03333333333333333	0.62	0.9	0	tool	1	0	0	1	1
0.03333333333333333	0.62	0.9	0	tool	1	0	0	1	1
0.03333333333333333	0.62	0.9	0	tool	1	0	0	1	1
0.03333333333333333	0.62	0.9	0	tool	1	0	0	1	1
0.03333333333333333	0.62	0.9	0	tool	1	0	0	1	1
0.03333333333333333	0.62	0.9	0	tool	1	0	0	1	1
0.03333333333333333	0.62	0.9	0	tool	1	0	0	1	1
0.03333333333333333	0.62	0.9	0	tool	1	0	0	1	1
0.03333333333333333	0.62	0.9	0	tool	1	0	0	1	1
0.03333333333333333	0.62	0.9	0	tool	1	0	0	1	1
0.03333333333333333	0.62	0.9	0	tool	1	0	0	1	1
0.03333333333333333	0.62	0.9	0	tool	1	0	0	1	1
0.03333333333333333	0.62	0.9	0	tool	1	0	0	1	1
0.03333333333333333	0.62	0.9	0	tool	1	0	0	1	1
0.03333333333333333	0.62	0.9	0	tool	1	0	0	1	1
0.03333333333333333	0.62	0.9	0	tool	1	0	0	1	1
0.03333333333333333	0.62	0.9	0	tool	1	0	0	1	1
0.03333333333333333	0.62	0.9	0	tool	1	0	0	1	1
0.03333333333333333	0.62	0.9	0	tool	1	0	0	1	1
0.03333333333333333	0.62	0.9	0	tool	1	0	0	1	1
0.03333333333333333	0.62	0.9	0	tool	1	0	0	1	1
0.03333333333333333	0.62	0.9	0	tool	1	0	0	1	1
0.03333333333333333	0.62	0.9	0	tool	1	0	0	1	1
0.03333333333333333	0.62	0.9	0	tool	1	0	0	1	1
0.03333333333333333	0.62	0.9	0	tool	1	0	0	1	1
0.03333333333333333	0.62	0.9	0	tool	1	0	0	1	1
0.03333333333333333	0.62	0.9	0	tool	1	0	0	1	1
0.03333333333333333	0.62	0.9	0	tool	1	0	0	1	1
0.03333333333333333	0.62	0.9	0	tool	1	0	0	1	1
0.03333333333333333	0.62	0.9	0	tool	1	0	0	1	1
0.03333333333333333	0.62	0.9	0	tool	1	0	0	1	1
0.03333333333333333	0.62	0.9	0	tool	1	0	0	1	1
0.03333333333333333	0.62	0.9	0	tool	1	0	0	1	1
0.03333333333333333	0.62	0.9	0	tool	1	0	0	1	1
0.03333333333333333	0.62	0.9	0	tool	1	0	0	1	1
0.03333333333333333	0.62	0.9	0	code	1	0	0	1	1
0.03333333333333333	0.6201338948277724	0.9	0	code	1	0	0	1	1
0.03333333333333333	0.6205269409351042	0.9	0	code	1	0	0	1	1
0.03333333333333333	0.6211661807580174	0.9	0	code	1	0	0	1	1
0.03333333333333333	0.6220386567325342	0.9	0	code	1	0	0	1	1
0.03333333333333333	0.6231314112946766	0.9	0	code	1	0	0	1	1
0.03333333333333333	0.6244314868804665	0.9	0	code	1	0	0	1	1
0.03333333333333333	0.6259259259259259	0.9	0	code	1	0	0	1	1
0.03333333333333333	0.627601770867077	0.9	0	code	1	0	0	1	1
0.03333333333333333	0.6294460641399416	0.9	0	code	1	0	0	1	1
0.03333333333333333	0.6314458481805421	0.9	0	code	1	0	0	1	1
0.03333333333333333	0.6335881654249002	0.9	0	code	1	0	0	1	1
0.03333333333333333	0.6358600583090379	0.9	0	code	1	0	0	1	1
0.03333333333333333	0.6382485692689774	0.9	0	code	1	0	0	1	1
0.03333333333333333	0.6407407407407407	0.9	0	code	1	0	0	1	1
0.03333333333333333	0.6433236151603499	0.9	0	code	1	0	0	1	1
0.03333333333333333	0.6459842349638267	0.9	0	code	1	0	0	1	1
0.03333333333333333	0.6487096425871935	0.9	0	code	1	0	0	1	1
0.03333333333333333	0.6514868804664723	0.9	0	code	1	0	0	1	1
0.03333333333333333	0.6543029910376849	0.9	0	code	1	0	0	1	1
0.03333333333333333	0.6571450167368534	0.9	0	code	1	0	0	1	1
0.03333333333333333	0.6599999999999999	0.9	0	code	1	0	0	1	1
0.03333333333333333	0.6628549832631465	0.9	0	code	1	0	0	1	1
0.03333333333333333	0.6656970089623151	0.9	0	code	1	0	0	1	1
0.03333333333333333	0.6685131195335277	0.9	0	code	1	0	0	1	1
0.03333333333333333	0.6712903574128064	0.9	0	code	1	0	0	1	1
0.03333333333333333	0.6740157650361731	0.9	0	code	1	0	0	1	1
0.03333333333333333	0.6766763848396501	0.9	0	code	1	0	0	1	1
0.03333333333333333	0.6792592592592592	0.9	0	code	1	0	0	1	1
0.03333333333333333	0.6817514307310225	0.9	0	code	1	0	0	1	1
0.03333333333333333	0.684139941690962	0.9	0	code	1	0	0	1	1
0.03333333333333333	0.6864118345750998	0.9	0	code	1	0	0	1	1
0.03333333333333333	0.6885541518194579	0.9	0	code	1	0	0	1	1
0.03333333333333333	0.6905539358600583	0.9	0	code	1	0	0	1	1
0.03333333333333333	0.6923982291329229	0.9	0	code	1	0	0	1	1
0.03333333333333333	0.6940740740740741	0.9	0	code	1	0	0	1	1
0.03333333333333333	0.6955685131195335	0.9	0	code	1	0	0	1	1
0.03333333333333333	0.6968685887053233	0.9	0	code	1	0	0	1	1
0.03333333333333333	0.6979613432674657	0.9	0	code	1	0	0	1	1
0.03333333333333333	0.6988338192419825	0.9	0	code	1	0	0	1	1
0.03333333333333333	0.6994730590648958	0.9	0	code	1	0	0	1	1
0.03333333333333333	0.6998661051722276	0.9	0	code	1	0	0	1	1
0.03333333333333333	0.7	0.9	0	code	1	0	0	1	1
0.03333333333333333	0.7	0.9	0	code	1	0	0	1	1
0.03333333333333333	0.7	0.9	0	code	1	0	0	1	1
0.03333333333333333	0.7	0.9	0	code	1	0	0	1	1
0.03333333333333333	0.7	0.9	0	code	1	0	0	1	1
0.03333333333333333	0.7	0.9	0	code	1	0	0	1	1
0.03333333333333333	0.7	0.9	0	code	1	0	0	1	1
0.03333333333333333	0.7	0.9	0	code	1	0	0	1	1
0.03333333333333333	0.7	0.9	0	code	1	0	0	1	1
0.03333333333333333	0.7	0.9	0	code	1	0	0	1	1
0.03333333333333333	0.7	0.9	0	code	1	0	0	1	1
0.03333333333333333	0.7	0.9	0	code	1	0	0	1	1
0.03333333333333333	0.7	0.9	0	code	1	0	0	1	1
0.03333333333333333	0.7	0.9	0	code	1	0	0	1	1
0.03333333333333333	0.7	0.9	0	code	1	0	0	1	1
0.03333333333333333	0.7	0.9	0	code	1	0	0	1	1
0.03333333333333333	0.7	0.9	0	code	1	0	0	1	1
0.03333333333333333	0.7	0.9	0	code	1	0	0	1	1
0.03333333333333333	0.7	0.9	0	code	1	0	0	1	1
0.03333333333333333	0.7	0.9	0	code	1	0	0	1	1
0.03333333333333333	0.7	0.9	0	code	1	0	0	1	1
0.03333333333333333	0.7	0.9	0	code	1	0	0	1	1
0.03333333333333333	0.7	0.9	0	code	1	0	0	1	1
0.03333333333333333	0.7	0.9	0	code	1	0	0	1	1
0.03333333333333333	0.7	0.9	0	code	1	0	0	1	1
0.03333333333333333	0.7	0.9	0	code	1	0	0	1	1
0.03333333333333333	0.7	0.9	0	code	1	0	0	1	1
0.03333333333333333	0.7	0.9	0	code	1	0	0	1	1
0.03333333333333333	0.7	0.9	0	code	1	0	0	1	1
0.03333333333333333	0.7	0.9	0	code	1	0	0	1	1
0.03333333333333333	0.7	0.9	0	code	1	0	0	1	1
0.03333333333333333	0.7	0.9	0	code	1	0	0	1	1
0.03333333333333333	0.7	0.9	0	code	1	0	0	1	1
0.03333333333333333	0.7	0.9	0	code	1	0	0	1	1
0.03333333333333333	0.7	0.9	0	code	1	0	0	1	1
0.03333333333333333	0.7	0.9	0	code	1	0	0	1	1
0.03333333333333333	0.7	0.9	0	code	1	0	0	1	1
0.03333333333333333	0.7	0.9	0	code	1	0	0	1	1
0.03333333333333333	0.7	0.9	0	code	1	0	0	1	1
0.03333333333333333	0.7	0.9	0	code	1	0	0	1	1
0.03333333333333333	0.7	0.9	0	code	1	0	0	1	1
0.03333333333333333	0.7	0.9	0	code	1	0	0	1	1
0.03333333333333333	0.7	0.9	0	code	1	0	0	1	1
0.03333333333333333	0.7	0.9	0	code	1	0	0	1	1
0.03333333333333333	0.7	0.9	0	code	1	0	0	1	1
0.03333333333333333	0.7	0.9	0	code	1	0	0	1	1
0.03333333333333333	0.7	0.9	0	code	1	0	0	1	1
0.03333333333333333	0.7	0.9	0	code	1	0	0	1	1
0.03333333333333333	0.7	0.9	0	code	1	0	0	1	1
0.03333333333333333	0.7	0.9	0	code	1	0	0	1	1
0.03333333333333333	0.7	0.9	0	code	1	0	0	1	1
0.03333333333333333	0.7	0.9	0	code	1	0	0	1	1
0.03333333333333333	0.7	0.9	0	code	1	0	0	1	1
0.03333333333333333	0.7	0.9	0	code	1	0	0	1	1
0.03333333333333333	0.7	0.9	0	code	1	0	0	1	1
0.03333333333333333	0.7	0.9	0	code	1	0	0	1	1
0.03333333333333333	0.7	0.9	0	code	1	0	0	1	1
0.03333333333333333	0.7	0.9	0	code	1	0	0	1	1
0.03333333333333333	0.7	0.9	0	code	1	0	0	1	1
0.03333333333333333	0.7	0.9	0	code	1	0	0	1	1
0.03333333333333333	0.7	0.9	0	code	1	0	0	1	1
0.03333333333333333	0.7	0.9	0	code	1	0	0	1	1
0.03333333333333333	0.7	0.9	0	code	1	0	0	1	1
0.03333333333333333	0.7	0.9	0	code	1	0	0	1	1
0.03333333333333333	0.7	0.9	0	code	1	0	0	1	1
0.03333333333333333	0.7	0.9	0	code	1	0	0	1	1
0.03333333333333333	0.7	0.9	0	code	1	0	0	1	1
0.03333333333333333	0.7	0.9	0	code	1	0	0	1	1
0.03333333333333333	0.7	0.9	0	code	1	0	0	1	1
0.03333333333333333	0.7	0.9	0	code	1	0	0	1	1
0.03333333333333333	0.7	0.9	0	code	1	0	0	1	1
0.03333333333333333	0.7	0.9	0	code	1	0	0	1	1
0.03333333333333333	0.7	0.9	0	code	1	0	0	1	1
0.03333333333333333	0.7	0.9	0	code	1	0	0	1	1
0.03333333333333333	0.7	0.9	0	code	1	0	0	1	1
0.03333333333333333	0.7	0.9	0	code	1	0	0	1	1
0.03333333333333333	0.7	0.9	0	code	1	0	0	1	1
0.03333333333333333	0.7	0.9	0	code	1	0	0	1	1
0.03333333333333333	0.7	0.9	0	code	1	0	0	1	1
0.03333333333333333	0.7	0.9	0	code	1	0	0	1	1
0.03333333333333333	0.7	0.9	0	code	1	0	0	1	1
0.03333333333333333	0.7	0.9	0	code	1	0	0	1	1
0.03333333333333333	0.7	0.9	0	code	1	0	0	1	1
0.03333333333333333	0.7	0.9	0	code	1	0	0	1	1
0.03333333333333333	0.7	0.9	0	code	1	0	0	1	1
0.03333333333333333	0.7	0.9	0	code	1	0	0	1	1
0.03333333333333333	0.7	0.9	0	code	1	0	0	1	1
0.03333333333333333	0.7	0.9	0	code	1	0	0	1	1
0.03333333333333333	0.7	0.9	0	code	1	0	0	1	1
0.03333333333333333	0.7	0.9	0	code	1	0	0	1	1
0.03333333333333333	0.7	0.9	0	code	1	0	0	1	1
0.03333333333333333	0.7	0.9	0	code	1	0	0	1	1
0.03333333333333333	0.7	0.9	0	code	1	0	0	1	1
0.03333333333333333	0.7	0.9	0	code	1	0	0	1	1
0.03333333333333333	0.7	0.9	0	code	1	0	0	1	1
0.03333333333333333	0.7	0.9	0	code	1	0	0	1	1
0.03333333333333333	0.7	0.9	0	code	1	0	0	1	1
0.03333333333333333	0.7	0.9	0	code	1	0	0	1	1
0.03333333333333333	0.7	0.9	0	code	1	0	0	1	1
0.03333333333333333	0.7	0.9	0	code	1	0	0	1	1
0.03333333333333333	0.7	0.9	0	code	1	0	0	1	1
0.03333333333333333	0.7	0.9	0	code	1	0	0	1	1
0.03333333333333333	0.7	0.9	0	code	1	0	0	1	1
0.03333333333333333	0.7	0.9	0	code	1	0	0	1	1
0.03333333333333333	0.7	0.9	0	code	1	0	0	1	1
0.03333333333333333	0.7	0.9	0	code	1	0	0	1	1
0.03333333333333333	0.7	0.9	0	code	1	0	0	1	1
0.03333333333333333	0.7	0.9	0	code	1	0	0	1	1
0.03333333333333333	0.7	0.9	0	code	1	0	0	1	1
0.03333333333333333	0.7	0.9	0	code	1	0	0	1	1
0.03333333333333333	0.7	0.9	0	code	1	0	0	1	1
0.03333333333333333	0.7	0.9	0	code	1	0	0	1	1
0.03333333333333333	0.7	0.9	0	code	1	0	0	1	1
0.03333333333333333	0.7	0.9	0	code	1	0	0	1	1
0.03333333333333333	0.7	0.9	0	code	1	0	0	1	1
0.03333333333333333	0.7	0.9	0	code	1	0	0	1	1
0.03333333333333333	0.7	0.9	0	code	1	0	0	1	1
0.03333333333333333	0.7	0.9	0	code	1	0	0	1	1
0.03333333333333333	0.7	0.9	0	code	1	0	0	1	1
0.03333333333333333	0.7	0.9	0	code	1	0	0	1	1
0.03333333333333333	0.7	0.9	0	code	1	0	0	1	1
0.03333333333333333	0.7	0.9	0	code	1	0	0	1	1
0.03333333333333333	0.7	0.9	0	code	1	0	0	1	1
0.03333333333333333	0.7	0.9	0	code	1	0	0	1	1
0.03333333333333333	0.7	0.9	0	code	1	0	0	1	1
0.03333333333333333	0.7	0.9	0	code	1	0	0	1	1
0.03333333333333333	0.7	0.9	0	code	1	0	0	1	1
0.03333333333333333	0.7	0.9	0	code	1	0	0	1	1
0.03333333333333333	0.7	0.9	0	code	1	0	0	1	1
0.03333333333333333	0.7	0.9	0	code	1	0	0	1	1
0.03333333333333333	0.7	0.9	0	code	1	0	0	1	1
0.03333333333333333	0.7	0.9	0	code	1	0	0	1	1
0.03333333333333333	0.7	0.9	0	code	1	0	0	1	1
0.03333333333333333	0.7	0.9	0	code	1	0	0	1	1
0.03333333333333333	0.7	0.9	0	code	1	0	0	1	1
0.03333333333333333	0.7	0.9	0	code	1	0	0	1	1
0.03333333333333333	0.7	0.9	0	code	1	0	0	1	1
0.03333333333333333	0.7	0.9	0	code	1	0	0	1	1
0.03333333333333333	0.7	0.9	0	code	1	0	0	1	1
0.03333333333333333	0.7	0.9	0	code	1	0	0	1	1
0.03333333333333333	0.7	0.9	0	code	1	0	0	1	1
0.03333333333333333	0.7	0.9	0	code	1	0	0	1	1
0.03333333333333333	0.7	0.9	0	code	1	0	0	1	1
0.03333333333333333	0.7	0.9	0	code	1	0	0	1	1
0.03333333333333333	0.7	0.9	0	code	1	0	0	1	1
0.03333333333333333	0.7	0.9	0	code	1	0	0	1	1
0.03333333333333333	0.7	0.9	0	code	1	0	0	1	1
0.03333333333333333	0.7	0.9	0	code	1	0	0	1	1
0.03333333333333333	0.7	0.9	0	code	1	0	0	1	1
0.03333333333333333	0.7	0.9	0	code	1	0	0	1	1
0.03333333333333333	0.7	0.9	0	code	1	0	0	1	1
0.03333333333333333	0.7	0.9	0	code	1	0	0	1	1
0.03333333333333333	0.7	0.9	0	code	1	0	0	1	1
0.03333333333333333	0.7	0.9	0	code	1	0	0	1	1
0.03333333333333333	0.7	0.9	0	code	1	0	0	1	1
0.03333333333333333	0.7	0.9	0	code	1	0	0	1	1
0.03333333333333333	0.7	0.9	0	code	1	0	0	1	1
0.03333333333333333	0.7	0.9	0	code	1	0	0	1	1
0.03333333333333333	0.7	0.9	0	code	1	0	0	1	1
0.03333333333333333	0.7	0.9	0	code	1	0	0	1	1
0.03333333333333333	0.7	0.9	0	code	1	0	0	1	1
0.03333333333333333	0.7	0.9	0	code	1	0	0	1	1
0.03333333333333333	0.7	0.9	0	code	1	0	0	1	1
0.03333333333333333	0.7	0.9	0	code	1	0	0	1	1
0.03333333333333333	0.7	0.9	0	code	1	0	0	1	1
0.03333333333333333	0.7	0.9	0	code	1	0	0	1	1
0.03333333333333333	0.7	0.9	0	code	1	0	0	1	1
0.03333333333333333	0.7	0.9	0	code	1	0	0	1	1
0.03333333333333333	0.7	0.9	0	filesystem	1	0	0	1	1
0.03333333333333333	0.6998995788791706	0.9	0	filesystem	1	0	0	1	1
0.03333333333333333	0.6996047942986718	0.9	0	filesystem	1	0	0	1	1
0.03333333333333333	0.6991253644314869	0.9	0	filesystem	1	0	0	1	1
0.03333333333333333	0.6984710074505992	0.9	0	filesystem	1	0	0	1	1
0.03333333333333333	0.6976514415289925	0.9	0	filesystem	1	0	0	1	1
0.03333333333333333	0.6966763848396501	0.9	0	filesystem	1	0	0	1	1
0.03333333333333333	0.6955555555555555	0.9	0	filesystem	1	0	0	1	1
0.03333333333333333	0.6942986718496922	0.9	0	filesystem	1	0	0	1	1
0.03333333333333333	0.6929154518950437	0.9	0	filesystem	1	0	0	1	1
0.03333333333333333	0.6914156138645934	0.9	0	filesystem	1	0	0	1	1
0.03333333333333333	0.6898088759313249	0.9	0	filesystem	1	0	0	1	1
0.03333333333333333	0.6881049562682215	0.9	0	filesystem	1	0	0	1	1
0.03333333333333333	0.6863135730482669	0.9	0	filesystem	1	0	0	1	1
0.03333333333333333	0.6844444444444444	0.9	0	filesystem	1	0	0	1	1
0.03333333333333333	0.6825072886297375	0.9	0	filesystem	1	0	0	1	1
0.03333333333333333	0.6805118237771299	0.9	0	filesystem	1	0	0	1	1
0.03333333333333333	0.6784677680596047	0.9	0	filesystem	1	0	0	1	1
0.03333333333333333	0.6763848396501457	0.9	0	filesystem	1	0	0	1	1
0.03333333333333333	0.6742727567217363	0.9	0	filesystem	1	0	0	1	1
0.03333333333333333	0.6721412374473599	0.9	0	filesystem	1	0	0	1	1
0.03333333333333333	0.6699999999999999	0.9	0	filesystem	1	0	0	1	1
0.03333333333333333	0.6678587625526401	0.9	0	filesystem	1	0	0	1	1
0.03333333333333333	0.6657272432782637	0.9	0	filesystem	1	0	0	1	1
0.03333333333333333	0.6636151603498542	0.9	0	filesystem	1	0	0	1	1
0.03333333333333333	0.6615322319403952	0.9	0	filesystem	1	0	0	1	1
0.03333333333333333	0.6594881762228701	0.9	0	filesystem	1	0	0	1	1
0.03333333333333333	0.6574927113702624	0.9	0	filesystem	1	0	0	1	1
0.03333333333333333	0.6555555555555556	0.9	0	filesystem	1	0	0	1	1
0.03333333333333333	0.6536864269517331	0.9	0	filesystem	1	0	0	1	1
0.03333333333333333	0.6518950437317784	0.9	0	filesystem	1	0	0	1	1
0.03333333333333333	0.6501911240686751	0.9	0	filesystem	1	0	0	1	1
0.03333333333333333	0.6485843861354066	0.9	0	filesystem	1	0	0	1	1
0.03333333333333333	0.6470845481049563	0.9	0	filesystem	1	0	0	1	1
0.03333333333333333	0.6457013281503078	0.9	0	filesystem	1	0	0	1	1
0.03333333333333333	0.6444444444444445	0.9	0	filesystem	1	0	0	1	1
0.03333333333333333	0.6433236151603499	0.9	0	filesystem	1	0	0	1	1
0.03333333333333333	0.6423485584710075	0.9	0	filesystem	1	0	0	1	1
0.03333333333333333	0.6415289925494008	0.9	0	filesystem	1	0	0	1	1
0.03333333333333333	0.6408746355685131	0.9	0	filesystem	1	0	0	1	1
0.03333333333333333	0.6403952057013281	0.9	0	filesystem	1	0	0	1	1
0.03333333333333333	0.6401004211208293	0.9	0	filesystem	1	0	0	1	1
0.03333333333333333	0.64	0.9	0	filesystem	1	0	0	1	1
0.03333333333333333	0.64	0.9	0	filesystem	1	0	0	1	1
0.03333333333333333	0.64	0.9	0	filesystem	1	0	0	1	1
0.03333333333333333	0.64	0.9	0	filesystem	1	0	0	1	1
0.03333333333333333	0.64	0.9	0	filesystem	1	0	0	1	1
0.03333333333333333	0.64	0.9	0	filesystem	1	0	0	1	1
0.03333333333333333	0.64	0.9	0	filesystem	1	0	0	1	1
0.03333333333333333	0.64	0.9	0	filesystem	1	0	0	1	1
0.03333333333333333	0.64	0.9	0	filesystem	1	0	0	1	1
0.03333333333333333	0.64	0.9	0	filesystem	1	0	0	1	1
0.03333333333333333	0.64	0.9	0	filesystem	1	0	0	1	1
0.03333333333333333	0.64	0.9	0	filesystem	1	0	0	1	1
0.03333333333333333	0.64	0.9	0	filesystem	1	0	0	1	1
0.03333333333333333	0.64	0.9	0	filesystem	1	0	0	1	1
0.03333333333333333	0.64	0.9	0	filesystem	1	0	0	1	1
0.03333333333333333	0.64	0.9	0	filesystem	1	0	0	1	1
0.03333333333333333	0.64	0.9	0	filesystem	1	0	0	1	1
0.03333333333333333	0.64	0.9	0	filesystem	1	0	0	1	1
0.03333333333333333	0.64	0.9	0	filesystem	1	0	0	1	1
0.03333333333333333	0.64	0.9	0	filesystem	1	0	0	1	1
0.03333333333333333	0.64	0.9	0	filesystem	1	0	0	1	1
0.03333333333333333	0.64	0.9	0	filesystem	1	0	0	1	1
0.03333333333333333	0.64	0.9	0	filesystem	1	0	0	1	1
0.03333333333333333	0.64	0.9	0	filesystem	1	0	0	1	1
0.03333333333333333	0.64	0.9	0	filesystem	1	0	0	1	1
0.03333333333333333	0.64	0.9	0	filesystem	1	0	0	1	1
0.03333333333333333	0.64	0.9	0	filesystem	1	0	0	1	1
0.03333333333333333	0.64	0.9	0	filesystem	1	0	0	1	1
0.03333333333333333	0.64	0.9	0	filesystem	1	0	0	1	1
0.03333333333333333	0.64	0.9	0	filesystem	1	0	0	1	1
0.03333333333333333	0.64	0.9	0	filesystem	1	0	0	1	1
0.03333333333333333	0.64	0.9	0	filesystem	1	0	0	1	1
0.03333333333333333	0.64	0.9	0	filesystem	1	0	0	1	1
0.03333333333333333	0.64	0.9	0	filesystem	1	0	0	1	1
0.03333333333333333	0.64	0.9	0	filesystem	1	0	0	1	1
0.03333333333333333	0.64	0.9	0	filesystem	1	0	0	1	1
0.03333333333333333	0.64	0.9	0	filesystem	1	0	0	1	1
0.03333333333333333	0.64	0.9	0	filesystem	1	0	0	1	1
0.03333333333333333	0.64	0.9	0	filesystem	1	0	0	1	1
0.03333333333333333	0.64	0.9	0	filesystem	1	0	0	1	1
0.03333333333333333	0.64	0.9	0	filesystem	1	0	0	1	1
0.03333333333333333	0.64	0.9	0	filesystem	1	0	0	1	1
0.03333333333333333	0.64	0.9	0	filesystem	1	0	0	1	1
0.03333333333333333	0.64	0.9	0	filesystem	1	0	0	1	1
0.03333333333333333	0.64	0.9	0	filesystem	1	0	0	1	1
0.03333333333333333	0.64	0.9	0	filesystem	1	0	0	1	1
0.03333333333333333	0.64	0.9	0	filesystem	1	0	0	1	1
0.03333333333333333	0.64	0.9	0	filesystem	1	0	0	1	1
0.03333333333333333	0.64	0.9	0	filesystem	1	0	0	1	1
0.03333333333333333	0.64	0.9	0	filesystem	1	0	0	1	1
0.03333333333333333	0.64	0.9	0	filesystem	1	0	0	1	1
0.03333333333333333	0.64	0.9	0	filesystem	1	0	0	1	1
0.03333333333333333	0.64	0.9	0	filesystem	1	0	0	1	1
0.03333333333333333	0.64	0.9	0	filesystem	1	0	0	1	1
0.03333333333333333	0.64	0.9	0	filesystem	1	0	0	1	1
0.03333333333333333	0.64	0.9	0	filesystem	1	0	0	1	1
0.03333333333333333	0.64	0.9	0	filesystem	1	0	0	1	1
0.03333333333333333	0.64	0.9	0	filesystem	1	0	0	1	1
0.03333333333333333	0.64	0.9	0	filesystem	1	0	0	1	1
0.03333333333333333	0.64	0.9	0	filesystem	1	0	0	1	1
0.03333333333333333	0.64	0.9	0	filesystem	1	0	0	1	1
0.03333333333333333	0.64	0.9	0	filesystem	1	0	0	1	1
0.03333333333333333	0.64	0.9	0	filesystem	1	0	0	1	1
0.03333333333333333	0.64	0.9	0	filesystem	1	0	0	1	1
0.03333333333333333	0.64	0.9	0	filesystem	1	0	0	1	1
0.03333333333333333	0.64	0.9	0	filesystem	1	0	0	1	1
0.03333333333333333	0.64	0.9	0	filesystem	1	0	0	1	1
0.03333333333333333	0.64	0.9	0	filesystem	1	0	0	1	1
0.03333333333333333	0.64	0.9	0	filesystem	1	0	0	1	1
0.03333333333333333	0.64	0.9	0	filesystem	1	0	0	1	1
0.03333333333333333	0.64	0.9	0	filesystem	1	0	0	1	1
0.03333333333333333	0.64	0.9	0	filesystem	1	0	0	1	1
0.03333333333333333	0.64	0.9	0	filesystem	1	0	0	1	1
0.03333333333333333	0.64	0.9	0	filesystem	1	0	0	1	1
0.03333333333333333	0.64	0.9	0	filesystem	1	0	0	1	1
0.03333333333333333	0.64	0.9	0	filesystem	1	0	0	1	1
0.03333333333333333	0.64	0.9	0	filesystem	1	0	0	1	1
0.03333333333333333	0.64	0.9	0	filesystem	1	0	0	1	1
0.03333333333333333	0.64	0.9	0	filesystem	1	0	0	1	1
0.03333333333333333	0.64	0.9	0	filesystem	1	0	0	1	1
0.03333333333333333	0.64	0.9	0	filesystem	1	0	0	1	1
0.03333333333333333	0.64	0.9	0	filesystem	1	0	0	1	1
0.03333333333333333	0.64	0.9	0	filesystem	1	0	0	1	1
0.03333333333333333	0.64	0.9	0	filesystem	1	0	0	1	1
0.03333333333333333	0.64	0.9	0	filesystem	1	0	0	1	1
0.03333333333333333	0.64	0.9	0	filesystem	1	0	0	1	1
0.03333333333333333	0.64	0.9	0	filesystem	1	0	0	1	1
0.03333333333333333	0.64	0.9	0	filesystem	1	0	0	1	1
0.03333333333333333	0.64	0.9	0	filesystem	1	0	0	1	1
0.03333333333333333	0.64	0.9	0	filesystem	1	0	0	1	1
0.03333333333333333	0.64	0.9	0	filesystem	1	0	0	1	1
0.03333333333333333	0.64	0.9	0	filesystem	1	0	0	1	1
0.03333333333333333	0.64	0.9	0	filesystem	1	0	0	1	1
0.03333333333333333	0.64	0.9	0	filesystem	1	0	0	1	1
0.03333333333333333	0.64	0.9	0	filesystem	1	0	0	1	1
0.03333333333333333	0.64	0.9	0	filesystem	1	0	0	1	1
0.03333333333333333	0.64	0.9	0	filesystem	1	0	0	1	1
0.03333333333333333	0.64	0.9	0	filesystem	1	0	0	1	1
0.03333333333333333	0.64	0.9	0	filesystem	1	0	0	1	1
0.03333333333333333	0.64	0.9	0	filesystem	1	0	0	1	1
0.03333333333333333	0.64	0.9	0	filesystem	1	0	0	1	1
0.03333333333333333	0.64	0.9	0	filesystem	1	0	0	1	1
0.03333333333333333	0.64	0.9	0	filesystem	1	0	0	1	1
0.03333333333333333	0.64	0.9	0	filesystem	1	0	0	1	1
0.03333333333333333	0.64	0.9	0	filesystem	1	0	0	1	1
0.03333333333333333	0.64	0.9	0	filesystem	1	0	0	1	1
0.03333333333333333	0.64	0.9	0	filesystem	1	0	0	1	1
0.03333333333333333	0.64	0.9	0	filesystem	1	0	0	1	1
0.03333333333333333	0.64	0.9	0	network	1	0	0	1	1
0.03333333333333333	0.6399330525861138	0.899966526293057	0	network	1	0	0	1	1
0.03333333333333333	0.6397365295324479	0.899868264766224	0	network	1	0	0	1	1
0.03333333333333333	0.6394169096209913	0.8997084548104957	0	network	1	0	0	1	1
0.03333333333333333	0.6389806716337328	0.8994903358168664	0	network	1	0	0	1	1
0.03333333333333333	0.6384342943526617	0.8992171471763308	0	network	1	0	0	1	1
0.03333333333333333	0.6377842565597668	0.8988921282798834	0	network	1	0	0	1	1
0.03333333333333333	0.6370370370370371	0.8985185185185185	0	network	1	0	0	1	1
0.03333333333333333	0.6361991145664615	0.8980995572832308	0	network	1	0	0	1	1
0.03333333333333333	0.6352769679300292	0.8976384839650146	0	network	1	0	0	1	1
0.03333333333333333	0.6342770759097289	0.8971385379548645	0	network	1	0	0	1	1
0.03333333333333333	0.6332059172875499	0.896602958643775	0	network	1	0	0	1	1
0.03333333333333333	0.6320699708454811	0.8960349854227405	0	network	1	0	0	1	1
0.03333333333333333	0.6308757153655112	0.8954378576827556	0	network	1	0	0	1	1
0.03333333333333333	0.6296296296296297	0.8948148148148148	0	network	1	0	0	1	1
0.03333333333333333	0.628338192419825	0.8941690962099126	0	network	1	0	0	1	1
0.03333333333333333	0.6270078825180866	0.8935039412590433	0	network	1	0	0	1	1
0.03333333333333333	0.6256451787064032	0.8928225893532016	0	network	1	0	0	1	1
0.03333333333333333	0.6242565597667639	0.892128279883382	0	network	1	0	0	1	1
0.03333333333333333	0.6228485044811576	0.8914242522405788	0	network	1	0	0	1	1
0.03333333333333333	0.6214274916315733	0.8907137458157867	0	network	1	0	0	1	1
0.03333333333333333	0.62	0.89	0	network	1	0	0	1	1
0.03333333333333333	0.6185725083684267	0.8892862541842134	0	network	1	0	0	1	1
0.03333333333333333	0.6171514955188424	0.8885757477594213	0	network	1	0	0	1	1
0.03333333333333333	0.6157434402332361	0.8878717201166181	0	network	1	0	0	1	1
0.03333333333333333	0.6143548212935968	0.8871774106467984	0	network	1	0	0	1	1
0.03333333333333333	0.6129921174819134	0.8864960587409567	0	network	1	0	0	1	1
0.03333333333333333	0.611661807580175	0.8858309037900874	0	network	1	0	0	1	1
0.03333333333333333	0.6103703703703703	0.8851851851851852	0	network	1	0	0	1	1
0.03333333333333333	0.6091242846344886	0.8845621423172444	0	network	1	0	0	1	1
0.03333333333333333	0.6079300291545189	0.8839650145772595	0	network	1	0	0	1	1
0.03333333333333333	0.6067940827124501	0.883397041356225	0	network	1	0	0	1	1
0.03333333333333333	0.6057229240902711	0.8828614620451355	0	network	1	0	0	1	1
0.03333333333333333	0.6047230320699708	0.8823615160349855	0	network	1	0	0	1	1
0.03333333333333333	0.6038008854335385	0.8819004427167693	0	network	1	0	0	1	1
0.03333333333333333	0.6029629629629629	0.8814814814814815	0	network	1	0	0	1	1
0.03333333333333333	0.6022157434402332	0.8811078717201166	0	network	1	0	0	1	1
0.03333333333333333	0.6015657056473382	0.8807828528236692	0	network	1	0	0	1	1
0.03333333333333333	0.6010193283662671	0.8805096641831336	0	network	1	0	0	1	1
0.03333333333333333	0.6005830903790087	0.8802915451895044	0	network	1	0	0	1	1
0.03333333333333333	0.600263470467552	0.8801317352337761	0	network	1	0	0	1	1
0.03333333333333333	0.6000669474138862	0.8800334737069431	0	network	1	0	0	1	1
0.03333333333333333	0.6	0.88	0	network	1	0	0	1	1
0.03333333333333333	0.6	0.88	0	network	1	0	0	1	1
0.03333333333333333	0.6	0.88	0	network	1	0	0	1	1
0.03333333333333333	0.6	0.88	0	network	1	0	0	1	1
0.03333333333333333	0.6	0.88	0	network	1	0	0	1	1
0.03333333333333333	0.6	0.88	0	network	1	0	0	1	1
0.03333333333333333	0.6	0.88	0	network	1	0	0	1	1
0.03333333333333333	0.6	0.88	0	network	1	0	0	1	1
0.03333333333333333	0.6	0.88	0	network	1	0	0	1	1
0.03333333333333333	0.6	0.88	0	network	1	0	0	1	1
0.03333333333333333	0.6	0.88	0	network	1	0	0	1	1
0.03333333333333333	0.6	0.88	0	network	1	0	0	1	1
0.03333333333333333	0.6	0.88	0	network	1	0	0	1	1
0.03333333333333333	0.6	0.88	0	network	1	0	0	1	1
0.03333333333333333	0.6	0.88	0	network	1	0	0	1	1
0.03333333333333333	0.6	0.88	0	network	1	0	0	1	1
0.03333333333333333	0.6	0.88	0	network	1	0	0	1	1
0.03333333333333333	0.6	0.88	0	network	1	0	0	1	1
0.03333333333333333	0.6	0.88	0	network	1	0	0	1	1
0.03333333333333333	0.6	0.88	0	network	1	0	0	1	1
0.03333333333333333	0.6	0.88	0	network	1	0	0	1	1
0.03333333333333333	0.6	0.88	0	network	1	0	0	1	1
0.03333333333333333	0.6	0.88	0	network	1	0	0	1	1
0.03333333333333333	0.6	0.88	0	network	1	0	0	1	1
0.03333333333333333	0.6	0.88	0	network	1	0	0	1	1
0.03333333333333333	0.6	0.88	0	network	1	0	0	1	1
0.03333333333333333	0.6	0.88	0	network	1	0	0	1	1
0.03333333333333333	0.6	0.88	0	network	1	0	0	1	1
0.03333333333333333	0.6	0.88	0	network	1	0	0	1	1
0.03333333333333333	0.6	0.88	0	network	1	0	0	1	1
0.03333333333333333	0.6	0.88	0	network	1	0	0	1	1
0.03333333333333333	0.6	0.88	0	network	1	0	0	1	1
0.03333333333333333	0.6	0.88	0	network	1	0	0	1	1
0.03333333333333333	0.6	0.88	0	network	1	0	0	1	1
0.03333333333333333	0.6	0.88	0	network	1	0	0	1	1
0.03333333333333333	0.6	0.88	0	network	1	0	0	1	1
0.03333333333333333	0.6	0.88	0	network	1	0	0	1	1
0.03333333333333333	0.6	0.88	0	network	1	0	0	1	1
0.03333333333333333	0.6	0.88	0	network	1	0	0	1	1
0.03333333333333333	0.6	0.88	0	network	1	0	0	1	1
0.03333333333333333	0.6	0.88	0	network	1	0	0	1	1
0.03333333333333333	0.6	0.88	0	network	1	0	0	1	1
0.03333333333333333	0.6	0.88	0	network	1	0	0	1	1
0.03333333333333333	0.6	0.88	0	network	1	0	0	1	1
0.03333333333333333	0.6	0.88	0	network	1	0	0	1	1
0.03333333333333333	0.6	0.88	0	network	1	0	0	1	1
0.03333333333333333	0.6	0.88	0	network	1	0	0	1	1
0.03333333333333333	0.6	0.88	0	network	1	0	0	1	1
0.03333333333333333	0.6	0.88	0	network	1	0	0	1	1
0.03333333333333333	0.6	0.88	0	network	1	0	0	1	1
0.03333333333333333	0.6	0.88	0	network	1	0	0	1	1
0.03333333333333333	0.6	0.88	0	network	1	0	0	1	1
0.03333333333333333	0.6	0.88	0	network	1	0	0	1	1
0.03333333333333333	0.6	0.88	0	network	1	0	0	1	1
0.03333333333333333	0.6	0.88	0	network	1	0	0	1	1
0.03333333333333333	0.6	0.88	0	network	1	0	0	1	1
0.03333333333333333	0.6	0.88	0	network	1	0	0	1	1
0.03333333333333333	0.6	0.88	0	network	1	0	0	1	1
0.03333333333333333	0.6	0.88	0	network	1	0	0	1	1
0.03333333333333333	0.6	0.88	0	network	1	0	0	1	1
0.03333333333333333	0.6	0.88	0	network	1	0	0	1	1
0.03333333333333333	0.6	0.88	0	network	1	0	0	1	1
0.03333333333333333	0.6	0.88	0	network	1	0	0	1	1
0.03333333333333333	0.6	0.88	0	network	1	0	0	1	1
0.03333333333333333	0.6	0.88	0	network	1	0	0	1	1
0.03333333333333333	0.6	0.88	0	network	1	0	0	1	1
0.03333333333333333	0.6	0.88	0	network	1	0	0	1	1
0.03333333333333333	0.6	0.88	0	network	1	0	0	1	1
0.03333333333333333	0.6	0.88	0	network	1	0	0	1	1
0.03333333333333333	0.6	0.88	0	network	1	0	0	1	1
0.03333333333333333	0.6	0.88	0	network	1	0	0	1	1
0.03333333333333333	0.6	0.88	0	network	1	0	0	1	1
0.03333333333333333	0.6	0.88	0	network	1	0	0	1	1
0.03333333333333333	0.6	0.88	0	network	1	0	0	1	1
0.03333333333333333	0.6	0.88	0	network	1	0	0	1	1
0.03333333333333333	0.6	0.88	0	network	1	0	0	1	1
0.03333333333333333	0.6	0.88	0	network	1	0	0	1	1
0.03333333333333333	0.6	0.88	0	network	1	0	0	1	1
0.03333333333333333	0.6	0.88	0	network	1	0	0	1	1
0.03333333333333333	0.6	0.88	0	network	1	0	0	1	1
0.03333333333333333	0.6	0.88	0	network	1	0	0	1	1
0.03333333333333333	0.6	0.88	0	network	1	0	0	1	1
0.03333333333333333	0.6	0.88	0	network	1	0	0	1	1
0.03333333333333333	0.6	0.88	0	network	1	0	0	1	1
0.03333333333333333	0.6	0.88	0	network	1	0	0	1	1
0.03333333333333333	0.6	0.88	0	network	1	0	0	1	1
0.03333333333333333	0.6	0.88	0	network	1	0	0	1	1
0.03333333333333333	0.6	0.88	0	network	1	0	0	1	1
0.03333333333333333	0.6	0.88	0	network	1	0	0	1	1
0.03333333333333333	0.6	0.88	0	network	1	0	0	1	1
0.03333333333333333	0.6	0.88	0	network	1	0	0	1	1
0.03333333333333333	0.6	0.88	0	network	1	0	0	1	1
0.03333333333333333	0.6	0.88	0	network	1	0	0	1	1
0.03333333333333333	0.6	0.88	0	network	1	0	0	1	1
0.03333333333333333	0.6	0.88	0	network	1	0	0	1	1
0.03333333333333333	0.6	0.88	0	network	1	0	0	1	1
0.03333333333333333	0.6	0.88	0	network	1	0	0	1	1
0.03333333333333333	0.6	0.88	0	network	1	0	0	1	1
0.03333333333333333	0.6	0.88	0	network	1	0	0	1	1
0.03333333333333333	0.6	0.88	0	network	1	0	0	1	1
0.03333333333333333	0.6	0.88	0	network	1	0	0	1	1
0.03333333333333333	0.6	0.88	0	network	1	0	0	1	1
0.03333333333333333	0.6	0.88	0	network	1	0	0	1	1
0.03333333333333333	0.6	0.88	0	network	1	0	0	1	1
0.03333333333333333	0.6	0.88	0	network	1	0	0	1	1
0.03333333333333333	0.6	0.88	0	network	1	0	0	1	1
0.03333333333333333	0.6	0.88	0	network	1	0	0	1	1
0.03333333333333333	0.6	0.88	0	network	1	0	0	1	1
0.03333333333333333	0.6	0.88	0	error	1	0	0	1	1
0.03333333333333333	0.600334737069431	0.8793639995680812	0	error	1	0	0	1	1
0.03333333333333333	0.6013173523377605	0.877497030558255	0	error	1	0	0	1	1
0.03333333333333333	0.6029154518950437	0.8744606413994169	0	error	1	0	0	1	1
0.03333333333333333	0.6050966418313357	0.8703163805204621	0	error	1	0	0	1	1
0.03333333333333333	0.6078285282366915	0.8651257963502862	0	error	1	0	0	1	1
0.03333333333333333	0.6110787172011661	0.8589504373177843	0	error	1	0	0	1	1
0.03333333333333333	0.6148148148148148	0.8518518518518519	0	error	1	0	0	1	1
0.03333333333333333	0.6190044271676924	0.8438915883813843	0	error	1	0	0	1	1
0.03333333333333333	0.6236151603498542	0.835131195335277	0	error	1	0	0	1	1
0.03333333333333333	0.6286146204513552	0.8256322211424252	0	error	1	0	0	1	1
0.03333333333333333	0.6339704135622503	0.8154562142317244	0	error	1	0	0	1	1
0.03333333333333333	0.6396501457725947	0.8046647230320699	0	error	1	0	0	1	1
0.03333333333333333	0.6456214231724435	0.7933192959723572	0	error	1	0	0	1	1
0.03333333333333333	0.6518518518518518	0.7814814814814814	0	error	1	0	0	1	1
0.03333333333333333	0.6583090379008747	0.7692128279883382	0	error	1	0	0	1	1
0.03333333333333333	0.664960587409567	0.7565748839218227	0	error	1	0	0	1	1
0.03333333333333333	0.6717741064679841	0.7436291977108304	0	error	1	0	0	1	1
0.03333333333333333	0.6787172011661807	0.7304373177842566	0	error	1	0	0	1	1
0.03333333333333333	0.6857574775942124	0.7170607925709966	0	error	1	0	0	1	1
0.03333333333333333	0.6928625418421337	0.703561170499946	0	error	1	0	0	1	1
0.03333333333333333	0.7	0.69	0	error	1	0	0	1	1
0.03333333333333333	0.7071374581578663	0.676438829500054	0	error	1	0	0	1	1
0.03333333333333333	0.7142425224057878	0.6629392074290034	0	error	1	0	0	1	1
0.03333333333333333	0.7212827988338193	0.6495626822157434	0	error	1	0	0	1	1
0.03333333333333333	0.728225893532016	0.6363708022891696	0	error	1	0	0	1	1
0.03333333333333333	0.735039412590433	0.6234251160781773	0	error	1	0	0	1	1
0.03333333333333333	0.7416909620991254	0.6107871720116618	0	error	1	0	0	1	1
0.03333333333333333	0.7481481481481482	0.5985185185185186	0	error	1	0	0	1	1
0.03333333333333333	0.7543785768275565	0.5866807040276427	0	error	1	0	0	1	1
0.03333333333333333	0.7603498542274053	0.5753352769679301	0	error	1	0	0	1	1
0.03333333333333333	0.7660295864377498	0.5645437857682756	0	error	1	0	0	1	1
0.03333333333333333	0.7713853795486448	0.5543677788575748	0	error	1	0	0	1	1
0.03333333333333333	0.7763848396501458	0.544868804664723	0	error	1	0	0	1	1
0.03333333333333333	0.7809955728323076	0.5361084116186157	0	error	1	0	0	1	1
0.03333333333333333	0.7851851851851852	0.528148148148148	0	error	1	0	0	1	1
0.03333333333333333	0.7889212827988339	0.5210495626822158	0	error	1	0	0	1	1
0.03333333333333333	0.7921714717633086	0.5148742036497138	0	error	1	0	0	1	1
0.03333333333333333	0.7949033581686644	0.5096836194795378	0	error	1	0	0	1	1
0.03333333333333333	0.7970845481049563	0.5055393586005832	0	error	1	0	0	1	1
0.03333333333333333	0.7986826476622395	0.5025029694417449	0	error	1	0	0	1	1
0.03333333333333333	0.7996652629305692	0.5006360004319188	0	error	1	0	0	1	1
0.03333333333333333	0.8	0.5	0	error	1	0	0	1	1
0.03333333333333333	0.8	0.5	0	error	1	0	0	1	1
0.03333333333333333	0.8	0.5	0	error	1	0	0	1	1
0.03333333333333333	0.8	0.5	0	error	1	0	0	1	1
0.03333333333333333	0.8	0.5	0	error	1	0	0	1	1
0.03333333333333333	0.8	0.5	0	error	1	0	0	1	1
0.03333333333333333	0.8	0.5	0	error	1	0	0	1	1
0.03333333333333333	0.8	0.5	0	error	1	0	0	1	1
0.03333333333333333	0.8	0.5	0	error	1	0	0	1	1
0.03333333333333333	0.8	0.5	0	error	1	0	0	1	1
0.03333333333333333	0.8	0.5	0	error	1	0	0	1	1
0.03333333333333333	0.8	0.5	0	error	1	0	0	1	1
0.03333333333333333	0.8	0.5	0	error	1	0	0	1	1
0.03333333333333333	0.8	0.5	0	error	1	0	0	1	1
0.03333333333333333	0.8	0.5	0	error	1	0	0	1	1
0.03333333333333333	0.8	0.5	0	error	1	0	0	1	1
0.03333333333333333	0.8	0.5	0	error	1	0	0	1	1
0.03333333333333333	0.8	0.5	0	error	1	0	0	1	1
0.03333333333333333	0.8	0.5	0	error	1	0	0	1	1
0.03333333333333333	0.8	0.5	0	error	1	0	0	1	1
0.03333333333333333	0.8	0.5	0	error	1	0	0	1	1
0.03333333333333333	0.8	0.5	0	error	1	0	0	1	1
0.03333333333333333	0.8	0.5	0	error	1	0	0	1	1
0.03333333333333333	0.8	0.5	0	error	1	0	0	1	1
0.03333333333333333	0.8	0.5	0	error	1	0	0	1	1
0.03333333333333333	0.8	0.5	0	error	1	0	0	1	1
0.03333333333333333	0.8	0.5	0	error	1	0	0	1	1
0.03333333333333333	0.8	0.5	0	error	1	0	0	1	1
0.03333333333333333	0.8	0.5	0	error	1	0	0	1	1
0.03333333333333333	0.8	0.5	0	error	1	0	0	1	1
0.03333333333333333	0.8	0.5	0	error	1	0	0	1	1
0.03333333333333333	0.8	0.5	0	error	1	0	0	1	1
0.03333333333333333	0.8	0.5	0	error	1	0	0	1	1
0.03333333333333333	0.8	0.5	0	error	1	0	0	1	1
0.03333333333333333	0.8	0.5	0	error	1	0	0	1	1
0.03333333333333333	0.8	0.5	0	error	1	0	0	1	1
0.03333333333333333	0.8	0.5	0	error	1	0	0	1	1
0.03333333333333333	0.8	0.5	0	error	1	0	0	1	1
0.03333333333333333	0.8	0.5	0	error	1	0	0	1	1
0.03333333333333333	0.8	0.5	0	error	1	0	0	1	1
0.03333333333333333	0.8	0.5	0	error	1	0	0	1	1
0.03333333333333333	0.8	0.5	0	error	1	0	0	1	1
0.03333333333333333	0.8	0.5	0	error	1	0	0	1	1
0.03333333333333333	0.8	0.5	0	error	1	0	0	1	1
0.03333333333333333	0.8	0.5	0	error	1	0	0	1	1
0.03333333333333333	0.8	0.5	0	error	1	0	0	1	1
0.03333333333333333	0.8	0.5	0	error	1	0	0	1	1
0.03333333333333333	0.8	0.5	0	error	1	0	0	1	1
0.03333333333333333	0.8	0.5	0	code	1	0	0	1	1
0.03333333333333333	0.7998661051722277	0.5001338948277724	0	code	1	0	0	1	1
0.03333333333333333	0.7994730590648959	0.5005269409351042	0	code	1	0	0	1	1
0.03333333333333333	0.7988338192419826	0.5011661807580174	0	code	1	0	0	1	1
0.03333333333333333	0.7979613432674657	0.5020386567325342	0	code	1	0	0	1	1
0.03333333333333333	0.7968685887053234	0.5031314112946766	0	code	1	0	0	1	1
0.03333333333333333	0.7955685131195336	0.5044314868804665	0	code	1	0	0	1	1
0.03333333333333333	0.7940740740740742	0.5059259259259259	0	code	1	0	0	1	1
0.03333333333333333	0.792398229132923	0.507601770867077	0	code	1	0	0	1	1
0.03333333333333333	0.7905539358600584	0.5094460641399416	0	code	1	0	0	1	1
0.03333333333333333	0.788554151819458	0.5114458481805421	0	code	1	0	0	1	1
0.03333333333333333	0.7864118345750999	0.5135881654249002	0	code	1	0	0	1	1
0.03333333333333333	0.7841399416909621	0.5158600583090379	0	code	1	0	0	1	1
0.03333333333333333	0.7817514307310226	0.5182485692689774	0	code	1	0	0	1	1
0.03333333333333333	0.7792592592592593	0.5207407407407407	0	code	1	0	0	1	1
0.03333333333333333	0.7766763848396502	0.5233236151603499	0	code	1	0	0	1	1
0.03333333333333333	0.7740157650361732	0.5259842349638267	0	code	1	0	0	1	1
0.03333333333333333	0.7712903574128064	0.5287096425871936	0	code	1	0	0	1	1
0.03333333333333333	0.7685131195335277	0.5314868804664723	0	code	1	0	0	1	1
0.03333333333333333	0.7656970089623151	0.5343029910376849	0	code	1	0	0	1	1
0.03333333333333333	0.7628549832631466	0.5371450167368534	0	code	1	0	0	1	1
0.03333333333333333	0.76	0.54	0	code	1	0	0	1	1
0.03333333333333333	0.7571450167368535	0.5428549832631465	0	code	1	0	0	1	1
0.03333333333333333	0.754302991037685	0.5456970089623151	0	code	1	0	0	1	1
0.03333333333333333	0.7514868804664723	0.5485131195335277	0	code	1	0	0	1	1
0.03333333333333333	0.7487096425871936	0.5512903574128064	0	code	1	0	0	1	1
0.03333333333333333	0.7459842349638268	0.5540157650361732	0	code	1	0	0	1	1
0.03333333333333333	0.7433236151603498	0.5566763848396501	0	code	1	0	0	1	1
0.03333333333333333	0.7407407407407407	0.5592592592592592	0	code	1	0	0	1	1
0.03333333333333333	0.7382485692689774	0.5617514307310225	0	code	1	0	0	1	1
0.03333333333333333	0.7358600583090379	0.564139941690962	0	code	1	0	0	1	1
0.03333333333333333	0.7335881654249001	0.5664118345750998	0	code	1	0	0	1	1
0.03333333333333333	0.731445848180542	0.5685541518194579	0	code	1	0	0	1	1
0.03333333333333333	0.7294460641399416	0.5705539358600583	0	code	1	0	0	1	1
0.03333333333333333	0.727601770867077	0.5723982291329229	0	code	1	0	0	1	1
0.03333333333333333	0.7259259259259259	0.5740740740740741	0	code	1	0	0	1	1
0.03333333333333333	0.7244314868804664	0.5755685131195335	0	code	1	0	0	1	1
0.03333333333333333	0.7231314112946766	0.5768685887053233	0	code	1	0	0	1	1
0.03333333333333333	0.7220386567325343	0.5779613432674657	0	code	1	0	0	1	1
0.03333333333333333	0.7211661807580174	0.5788338192419824	0	code	1	0	0	1	1
0.03333333333333333	0.7205269409351042	0.5794730590648958	0	code	1	0	0	1	1
0.03333333333333333	0.7201338948277723	0.5798661051722276	0	code	1	0	0	1	1
0.03333333333333333	0.72	0.58	0	code	1	0	0	1	1
0.03333333333333333	0.72	0.58	0	code	1	0	0	1	1
0.03333333333333333	0.72	0.58	0	code	1	0	0	1	1
0.03333333333333333	0.72	0.58	0	code	1	0	0	1	1
0.03333333333333333	0.72	0.58	0	code	1	0	0	1	1
0.03333333333333333	0.72	0.58	0	code	1	0	0	1	1
0.03333333333333333	0.72	0.58	0	code	1	0	0	1	1
0.03333333333333333	0.72	0.58	0	code	1	0	0	1	1
0.03333333333333333	0.72	0.58	0	code	1	0	0	1	1
0.03333333333333333	0.72	0.58	0	code	1	0	0	1	1
0.03333333333333333	0.72	0.58	0	code	1	0	0	1	1
0.03333333333333333	0.72	0.58	0	code	1	0	0	1	1
0.03333333333333333	0.72	0.58	0	code	1	0	0	1	1
0.03333333333333333	0.72	0.58	0	code	1	0	0	1	1
0.03333333333333333	0.72	0.58	0	code	1	0	0	1	1
0.03333333333333333	0.72	0.58	0	code	1	0	0	1	1
0.03333333333333333	0.72	0.58	0	code	1	0	0	1	1
0.03333333333333333	0.72	0.58	0	code	1	0	0	1	1
0.03333333333333333	0.72	0.58	0	code	1	0	0	1	1
0.03333333333333333	0.72	0.58	0	code	1	0	0	1	1
0.03333333333333333	0.72	0.58	0	code	1	0	0	1	1
0.03333333333333333	0.72	0.58	0	code	1	0	0	1	1
0.03333333333333333	0.72	0.58	0	code	1	0	0	1	1
0.03333333333333333	0.72	0.58	0	code	1	0	0	1	1
0.03333333333333333	0.72	0.58	0	code	1	0	0	1	1
0.03333333333333333	0.72	0.58	0	code	1	0	0	1	1
0.03333333333333333	0.72	0.58	0	code	1	0	0	1	1
0.03333333333333333	0.72	0.58	0	code	1	0	0	1	1
0.03333333333333333	0.72	0.58	0	code	1	0	0	1	1
0.03333333333333333	0.72	0.58	0	code	1	0	0	1	1
0.03333333333333333	0.72	0.58	0	code	1	0	0	1	1
0.03333333333333333	0.72	0.58	0	code	1	0	0	1	1
0.03333333333333333	0.72	0.58	0	code	1	0	0	1	1
0.03333333333333333	0.72	0.58	0	code	1	0	0	1	1
0.03333333333333333	0.72	0.58	0	code	1	0	0	1	1
0.03333333333333333	0.72	0.58	0	code	1	0	0	1	1
0.03333333333333333	0.72	0.58	0	code	1	0	0	1	1
0.03333333333333333	0.72	0.58	0	code	1	0	0	1	1
0.03333333333333333	0.72	0.58	0	code	1	0	0	1	1
0.03333333333333333	0.72	0.58	0	code	1	0	0	1	1
0.03333333333333333	0.72	0.58	0	code	1	0	0	1	1
0.03333333333333333	0.72	0.58	0	code	1	0	0	1	1
0.03333333333333333	0.72	0.58	0	code	1	0	0	1	1
0.03333333333333333	0.72	0.58	0	code	1	0	0	1	1
0.03333333333333333	0.72	0.58	0	code	1	0	0	1	1
0.03333333333333333	0.72	0.58	0	code	1	0	0	1	1
0.03333333333333333	0.72	0.58	0	code	1	0	0	1	1
0.03333333333333333	0.72	0.58	0	code	1	0	0	1	1
0.03333333333333333	0.72	0.58	0	code	1	0	0	1	1
0.03333333333333333	0.72	0.58	0	code	1	0	0	1	1
0.03333333333333333	0.72	0.58	0	code	1	0	0	1	1
0.03333333333333333	0.72	0.58	0	code	1	0	0	1	1
0.03333333333333333	0.72	0.58	0	code	1	0	0	1	1
0.03333333333333333	0.72	0.58	0	code	1	0	0	1	1
0.03333333333333333	0.72	0.58	0	code	1	0	0	1	1
0.03333333333333333	0.72	0.58	0	code	1	0	0	1	1
0.03333333333333333	0.72	0.58	0	code	1	0	0	1	1
0.03333333333333333	0.72	0.58	0	code	1	0	0	1	1
0.03333333333333333	0.72	0.58	0	code	1	0	0	1	1
0.03333333333333333	0.72	0.58	0	code	1	0	0	1	1
0.03333333333333333	0.72	0.58	0	code	1	0	0	1	1
0.03333333333333333	0.72	0.58	0	code	1	0	0	1	1
0.03333333333333333	0.72	0.58	0	code	1	0	0	1	1
0.03333333333333333	0.72	0.58	0	code	1	0	0	1	1
0.03333333333333333	0.72	0.58	0	code	1	0	0	1	1
0.03333333333333333	0.72	0.58	0	code	1	0	0	1	1
0.03333333333333333	0.72	0.58	0	code	1	0	0	1	1
0.03333333333333333	0.72	0.58	0	code	1	0	0	1	1
0.03333333333333333	0.72	0.58	0	code	1	0	0	1	1
0.03333333333333333	0.72	0.58	0	code	1	0	0	1	1
0.03333333333333333	0.72	0.58	0	code	1	0	0	1	1
0.03333333333333333	0.72	0.58	0	code	1	0	0	1	1
0.03333333333333333	0.72	0.58	0	code	1	0	0	1	1
0.03333333333333333	0.72	0.58	0	code	1	0	0	1	1
0.03333333333333333	0.72	0.58	0	code	1	0	0	1	1
0.03333333333333333	0.72	0.58	0	code	1	0	0	1	1
0.03333333333333333	0.72	0.58	0	code	1	0	0	1	1
0.03333333333333333	0.72	0.58	0	code	1	0	0	1	1
0.03333333333333333	0.72	0.58	0	code	1	0	0	1	1
0.03333333333333333	0.72	0.58	0	code	1	0	0	1	1
0.03333333333333333	0.72	0.58	0	code	1	0	0	1	1
0.03333333333333333	0.72	0.58	0	code	1	0	0	1	1
0.03333333333333333	0.72	0.58	0	code	1	0	0	1	1
0.03333333333333333	0.72	0.58	0	code	1	0	0	1	1
0.03333333333333333	0.72	0.58	0	code	1	0	0	1	1
0.03333333333333333	0.72	0.58	0	code	1	0	0	1	1
0.03333333333333333	0.72	0.58	0	code	1	0	0	1	1
0.03333333333333333	0.72	0.58	0	code	1	0	0	1	1
0.03333333333333333	0.72	0.58	0	code	1	0	0	1	1
0.03333333333333333	0.72	0.58	0	code	1	0	0	1	1
0.03333333333333333	0.72	0.58	0	code	1	0	0	1	1
0.03333333333333333	0.72	0.58	0	code	1	0	0	1	1
0.03333333333333333	0.72	0.58	0	code	1	0	0	1	1
0.03333333333333333	0.72	0.58	0	code	1	0	0	1	1
0.03333333333333333	0.72	0.58	0	code	1	0	0	1	1
0.03333333333333333	0.72	0.58	0	code	1	0	0	1	1
0.03333333333333333	0.72	0.58	0	code	1	0	0	1	1
0.03333333333333333	0.72	0.58	0	code	1	0	0	1	1
0.03333333333333333	0.72	0.58	0	code	1	0	0	1	1
0.03333333333333333	0.72	0.58	0	code	1	0	0	1	1
0.03333333333333333	0.72	0.58	0	code	1	0	0	1	1
0.03333333333333333	0.72	0.58	0	code	1	0	0	1	1
0.03333333333333333	0.72	0.58	0	code	1	0	0	1	1
0.03333333333333333	0.72	0.58	0	code	1	0	0	1	1
0.03333333333333333	0.72	0.58	0	code	1	0	0	1	1
0.03333333333333333	0.72	0.58	0	code	1	0	0	1	1
0.03333333333333333	0.72	0.58	0	code	1	0	0	1	1
0.03333333333333333	0.72	0.58	0	code	1	0	0	1	1
0.03333333333333333	0.72	0.58	0	agent	1	0	0	1	1
0.03333333333333333	0.7197656840513983	0.5804686318972033	0	agent	1	0	0	1	1
0.03333333333333333	0.7190778533635677	0.5818442932728647	0	agent	1	0	0	1	1
0.03333333333333333	0.7179591836734693	0.5840816326530612	0	agent	1	0	0	1	1
0.03333333333333333	0.716432350718065	0.5871352985638699	0	agent	1	0	0	1	1
0.03333333333333333	0.7145200302343159	0.590959939531368	0	agent	1	0	0	1	1
0.03333333333333333	0.7122448979591837	0.5955102040816326	0	agent	1	0	0	1	1
0.03333333333333333	0.7096296296296296	0.6007407407407407	0	agent	1	0	0	1	1
0.03333333333333333	0.7066969009826153	0.6066061980347695	0	agent	1	0	0	1	1
0.03333333333333333	0.703469387755102	0.6130612244897958	0	agent	1	0	0	1	1
0.03333333333333333	0.6999697656840513	0.6200604686318971	0	agent	1	0	0	1	1
0.03333333333333333	0.6962207105064248	0.6275585789871504	0	agent	1	0	0	1	1
0.03333333333333333	0.6922448979591836	0.6355102040816326	0	agent	1	0	0	1	1
0.03333333333333333	0.6880650037792895	0.643869992441421	0	agent	1	0	0	1	1
0.03333333333333333	0.6837037037037037	0.6525925925925926	0	agent	1	0	0	1	1
0.03333333333333333	0.6791836734693877	0.6616326530612244	0	agent	1	0	0	1	1
0.03333333333333333	0.6745275888133031	0.6709448223733938	0	agent	1	0	0	1	1
0.03333333333333333	0.6697581254724112	0.6804837490551776	0	agent	1	0	0	1	1
0.03333333333333333	0.6648979591836734	0.690204081632653	0	agent	1	0	0	1	1
0.03333333333333333	0.6599697656840514	0.7000604686318972	0	agent	1	0	0	1	1
0.03333333333333333	0.6549962207105064	0.7100075585789871	0	agent	1	0	0	1	1
0.03333333333333333	0.6499999999999999	0.72	0	agent	1	0	0	1	1
0.03333333333333333	0.6450037792894936	0.7299924414210128	0	agent	1	0	0	1	1
0.03333333333333333	0.6400302343159485	0.7399395313681028	0	agent	1	0	0	1	1
0.03333333333333333	0.6351020408163265	0.7497959183673469	0	agent	1	0	0	1	1
0.03333333333333333	0.6302418745275888	0.7595162509448223	0	agent	1	0	0	1	1
0.03333333333333333	0.6254724111866968	0.7690551776266061	0	agent	1	0	0	1	1
0.03333333333333333	0.6208163265306123	0.7783673469387755	0	agent	1	0	0	1	1
0.03333333333333333	0.6162962962962962	0.7874074074074073	0	agent	1	0	0	1	1
0.03333333333333333	0.6119349962207105	0.796130007558579	0	agent	1	0	0	1	1
0.03333333333333333	0.6077551020408163	0.8044897959183673	0	agent	1	0	0	1	1
0.03333333333333333	0.6037792894935752	0.8124414210128496	0	agent	1	0	0	1	1
0.03333333333333333	0.6000302343159486	0.8199395313681027	0	agent	1	0	0	1	1
0.03333333333333333	0.5965306122448979	0.826938775510204	0	agent	1	0	0	1	1
0.03333333333333333	0.5933030990173846	0.8333938019652305	0	agent	1	0	0	1	1
0.03333333333333333	0.5903703703703703	0.8392592592592593	0	agent	1	0	0	1	1
0.03333333333333333	0.5877551020408163	0.8444897959183673	0	agent	1	0	0	1	1
0.03333333333333333	0.5854799697656841	0.8490400604686319	0	agent	1	0	0	1	1
0.03333333333333333	0.5835676492819349	0.85286470143613	0	agent	1	0	0	1	1
0.03333333333333333	0.5820408163265306	0.8559183673469388	0	agent	1	0	0	1	1
0.03333333333333333	0.5809221466364323	0.8581557067271353	0	agent	1	0	0	1	1
0.03333333333333333	0.5802343159486016	0.8595313681027967	0	agent	1	0	0	1	1
0.03333333333333333	0.58	0.86	0	agent	1	0	0	1	1
0.03333333333333333	0.58	0.86	0	agent	1	0	0	1	1
0.03333333333333333	0.58	0.86	0	agent	1	0	0	1	1
0.03333333333333333	0.58	0.86	0	agent	1	0	0	1	1
0.03333333333333333	0.58	0.86	0	agent	1	0	0	1	1
0.03333333333333333	0.58	0.86	0	agent	1	0	0	1	1
0.03333333333333333	0.58	0.86	0	agent	1	0	0	1	1
0.03333333333333333	0.58	0.86	0	agent	1	0	0	1	1
0.03333333333333333	0.58	0.86	0	agent	1	0	0	1	1
0.03333333333333333	0.58	0.86	0	agent	1	0	0	1	1
0.03333333333333333	0.58	0.86	0	agent	1	0	0	1	1
0.03333333333333333	0.58	0.86	0	agent	1	0	0	1	1
0.03333333333333333	0.58	0.86	0	agent	1	0	0	1	1
0.03333333333333333	0.58	0.86	0	agent	1	0	0	1	1
0.03333333333333333	0.58	0.86	0	agent	1	0	0	1	1
0.03333333333333333	0.58	0.86	0	agent	1	0	0	1	1
0.03333333333333333	0.58	0.86	0	agent	1	0	0	1	1
0.03333333333333333	0.58	0.86	0	agent	1	0	0	1	1
0.03333333333333333	0.58	0.86	0	agent	1	0	0	1	1
0.03333333333333333	0.58	0.86	0	agent	1	0	0	1	1
0.03333333333333333	0.58	0.86	0	agent	1	0	0	1	1
0.03333333333333333	0.58	0.86	0	agent	1	0	0	1	1
0.03333333333333333	0.58	0.86	0	agent	1	0	0	1	1
0.03333333333333333	0.58	0.86	0	agent	1	0	0	1	1
0.03333333333333333	0.58	0.86	0	agent	1	0	0	1	1
0.03333333333333333	0.58	0.86	0	agent	1	0	0	1	1
0.03333333333333333	0.58	0.86	0	agent	1	0	0	1	1
0.03333333333333333	0.58	0.86	0	agent	1	0	0	1	1
0.03333333333333333	0.58	0.86	0	agent	1	0	0	1	1
0.03333333333333333	0.58	0.86	0	agent	1	0	0	1	1
0.03333333333333333	0.58	0.86	0	agent	1	0	0	1	1
0.03333333333333333	0.58	0.86	0	agent	1	0	0	1	1
0.03333333333333333	0.58	0.86	0	agent	1	0	0	1	1
0.03333333333333333	0.58	0.86	0	agent	1	0	0	1	1
0.03333333333333333	0.58	0.86	0	agent	1	0	0	1	1
0.03333333333333333	0.58	0.86	0	agent	1	0	0	1	1
0.03333333333333333	0.58	0.86	0	agent	1	0	0	1	1
0.03333333333333333	0.58	0.86	0	agent	1	0	0	1	1
0.03333333333333333	0.58	0.86	0	agent	1	0	0	1	1
0.03333333333333333	0.58	0.86	0	agent	1	0	0	1	1
0.03333333333333333	0.58	0.86	0	agent	1	0	0	1	1
0.03333333333333333	0.58	0.86	0	agent	1	0	0	1	1
0.03333333333333333	0.58	0.86	0	agent	1	0	0	1	1
0.03333333333333333	0.58	0.86	0	agent	1	0	0	1	1
0.03333333333333333	0.58	0.86	0	agent	1	0	0	1	1
0.03333333333333333	0.58	0.86	0	agent	1	0	0	1	1
0.03333333333333333	0.58	0.86	0	agent	1	0	0	1	1
0.03333333333333333	0.58	0.86	0	agent	1	0	0	1	1
0.03333333333333333	0.58	0.86	0	agent	1	0	0	1	1
0.03333333333333333	0.58	0.86	0	agent	1	0	0	1	1
0.03333333333333333	0.58	0.86	0	agent	1	0	0	1	1
0.03333333333333333	0.58	0.86	0	agent	1	0	0	1	1
0.03333333333333333	0.58	0.86	0	agent	1	0	0	1	1
0.03333333333333333	0.58	0.86	0	agent	1	0	0	1	1
0.03333333333333333	0.58	0.86	0	agent	1	0	0	1	1
0.03333333333333333	0.58	0.86	0	agent	1	0	0	1	1
0.03333333333333333	0.58	0.86	0	agent	1	0	0	1	1
0.03333333333333333	0.58	0.86	0	agent	1	0	0	1	1
0.03333333333333333	0.58	0.86	0	agent	1	0	0	1	1
0.03333333333333333	0.58	0.86	0	agent	1	0	0	1	1
0.03333333333333333	0.58	0.86	0	agent	1	0	0	1	1
0.03333333333333333	0.58	0.86	0	agent	1	0	0	1	1
0.03333333333333333	0.58	0.86	0	agent	1	0	0	1	1
0.03333333333333333	0.58	0.86	0	agent	1	0	0	1	1
0.03333333333333333	0.58	0.86	0	agent	1	0	0	1	1
0.03333333333333333	0.58	0.86	0	agent	1	0	0	1	1
0.03333333333333333	0.58	0.86	0	agent	1	0	0	1	1
0.03333333333333333	0.58	0.86	0	agent	1	0	0	1	1
0.03333333333333333	0.58	0.86	0	agent	1	0	0	1	1
0.03333333333333333	0.58	0.86	0	agent	1	0	0	1	1
0.03333333333333333	0.58	0.86	0	agent	1	0	0	1	1
0.03333333333333333	0.58	0.86	0	agent	1	0	0	1	1
0.03333333333333333	0.58	0.86	0	agent	1	0	0	1	1
0.03333333333333333	0.58	0.86	0	agent	1	0	0	1	1
0.03333333333333333	0.58	0.86	0	agent	1	0	0	1	1
0.03333333333333333	0.58	0.86	0	agent	1	0	0	1	1
0.03333333333333333	0.58	0.86	0	agent	1	0	0	1	1
0.03333333333333333	0.58	0.86	0	agent	1	0	0	1	1
0.03333333333333333	0.58	0.86	0	agent	1	0	0	1	1
0.03333333333333333	0.58	0.86	0	agent	1	0	0	1	1
0.03333333333333333	0.58	0.86	0	agent	1	0	0	1	1
0.03333333333333333	0.58	0.86	0	agent	1	0	0	1	1
0.03333333333333333	0.58	0.86	0	agent	1	0	0	1	1
0.03333333333333333	0.58	0.86	0	agent	1	0	0	1	1
0.03333333333333333	0.58	0.86	0	agent	1	0	0	1	1
0.03333333333333333	0.58	0.86	0	agent	1	0	0	1	1
0.03333333333333333	0.58	0.86	0	agent	1	0	0	1	1
0.03333333333333333	0.58	0.86	0	agent	1	0	0	1	1
0.03333333333333333	0.58	0.86	0	agent	1	0	0	1	1
0.03333333333333333	0.58	0.86	0	agent	1	0	0	1	1
0.03333333333333333	0.58	0.86	0	agent	1	0	0	1	1
0.03333333333333333	0.58	0.86	0	agent	1	0	0	1	1
0.03333333333333333	0.58	0.86	0	agent	1	0	0	1	1
0.03333333333333333	0.58	0.86	0	agent	1	0	0	1	1
0.03333333333333333	0.58	0.86	0	agent	1	0	0	1	1
0.03333333333333333	0.58	0.86	0	agent	1	0	0	1	1
0.03333333333333333	0.58	0.86	0	agent	1	0	0	1	1
0.03333333333333333	0.58	0.86	0	agent	1	0	0	1	1
0.03333333333333333	0.58	0.86	0	agent	1	0	0	1	1
0.03333333333333333	0.58	0.86	0	agent	1	0	0	1	1
0.03333333333333333	0.58	0.86	0	agent	1	0	0	1	1
0.03333333333333333	0.58	0.86	0	agent	1	0	0	1	1
0.03333333333333333	0.58	0.86	0	agent	1	0	0	1	1
0.03333333333333333	0.58	0.86	0	agent	1	0	0	1	1
0.03333333333333333	0.58	0.86	0	agent	1	0	0	1	1
0.03333333333333333	0.58	0.86	0	agent	1	0	0	1	1
0.03333333333333333	0.58	0.86	0	agent	1	0	0	1	1
0.03333333333333333	0.58	0.86	0	agent	1	0	0	1	1
0.03333333333333333	0.58	0.86	0	agent	1	0	0	1	1
0.03333333333333333	0.5798661051722276	0.86	0	agent	0.9985773674549184	0	0	1	1
0.03333333333333333	0.5794730590648958	0.86	0	agent	0.9944012525645178	0	0	1	1
0.03333333333333333	0.5788338192419825	0.86	0	agent	0.9876093294460642	0	0	1	1
0.03333333333333333	0.5779613432674657	0.86	0	agent	0.9783392722168233	0	0	1	1
0.03333333333333333	0.5768685887053233	0.86	0	agent	0.9667287549940611	0	0	1	1
0.03333333333333333	0.5755685131195335	0.86	0	agent	0.9529154518950438	0	0	1	1
0.03333333333333333	0.5740740740740741	0.86	0	agent	0.937037037037037	0	0	1	1
0.03333333333333333	0.5723982291329229	0.86	0	agent	0.919231184537307	0	0	1	1
0.03333333333333333	0.5705539358600583	0.86	0	agent	0.8996355685131195	0	0	1	1
0.03333333333333333	0.5685541518194579	0.86	0	agent	0.8783878630817407	0	0	1	1
0.03333333333333333	0.5664118345750998	0.86	0	agent	0.8556257423604362	0	0	1	1
0.03333333333333333	0.564139941690962	0.86	0	agent	0.8314868804664723	0	0	1	1
0.03333333333333333	0.5617514307310225	0.86	0	agent	0.8061089515171148	0	0	1	1
0.03333333333333333	0.5592592592592592	0.86	0	agent	0.7796296296296297	0	0	1	1
0.03333333333333333	0.5566763848396501	0.86	0	agent	0.7521865889212828	0	0	1	1
0.03333333333333333	0.5540157650361732	0.86	0	agent	0.7239175035093403	0	0	1	1
0.03333333333333333	0.5512903574128064	0.86	0	agent	0.694960047511068	0	0	1	1
0.03333333333333333	0.5485131195335277	0.86	0	agent	0.6654518950437318	0	0	1	1
0.03333333333333333	0.5456970089623151	0.86	0	agent	0.6355307202245978	0	0	1	1
0.03333333333333333	0.5428549832631465	0.86	0	agent	0.605334197170932	0	0	1	1
0.03333333333333333	0.54	0.86	0	agent	0.575	0	0	1	1
0.03333333333333333	0.5371450167368534	0.86	0	agent	0.5446658028290681	0	0	1	1
0.03333333333333333	0.5343029910376849	0.86	0	agent	0.5144692797754022	0	0	1	1
0.03333333333333333	0.5314868804664723	0.86	0	agent	0.4845481049562683	0	0	1	1
0.03333333333333333	0.5287096425871936	0.86	0	agent	0.45503995248893214	0	0	1	1
0.03333333333333333	0.5259842349638268	0.86	0	agent	0.42608249649065977	0	0	1	1
0.03333333333333333	0.5233236151603499	0.86	0	agent	0.39781341107871715	0	0	1	1
0.03333333333333333	0.5207407407407407	0.86	0	agent	0.37037037037037046	0	0	1	1
0.03333333333333333	0.5182485692689774	0.86	0	agent	0.3438910484828852	0	0	1	1
0.03333333333333333	0.5158600583090379	0.86	0	agent	0.3185131195335278	0	0	1	1
0.03333333333333333	0.5135881654249002	0.86	0	agent	0.2943742576395638	0	0	1	1
0.03333333333333333	0.5114458481805421	0.86	0	agent	0.2716121369182595	0	0	1	1
0.03333333333333333	0.5094460641399416	0.86	0	agent	0.2503644314868805	0	0	1	1
0.03333333333333333	0.507601770867077	0.86	0	agent	0.23076881546269312	0	0	1	1
0.03333333333333333	0.5059259259259259	0.86	0	agent	0.2129629629629629	0	0	1	1
0.03333333333333333	0.5044314868804665	0.86	0	agent	0.19708454810495624	0	0	1	1
0.03333333333333333	0.5031314112946766	0.86	0	agent	0.18327124500593894	0	0	1	1
0.03333333333333333	0.5020386567325342	0.86	0	agent	0.17166072778317676	0	0	1	1
0.03333333333333333	0.5011661807580174	0.86	0	agent	0.16239067055393597	0	0	1	1
0.03333333333333333	0.5005269409351042	0.86	0	agent	0.15559874743548208	0	0	1	1
0.03333333333333333	0.5001338948277724	0.86	0	agent	0.1514226325450816	0	0	1	1
0.03333333333333333	0.5	0.86	0	agent	0.15000000000000002	0	0	1	1
0.03333333333333333	0.5	0.86	0	agent	0.15000000000000002	0	0	1	1
0.03333333333333333	0.5	0.86	0	agent	0.15000000000000002	0	0	1	1
0.03333333333333333	0.5	0.86	0	agent	0.15000000000000002	0	0	1	1
0.03333333333333333	0.5	0.86	0	agent	0.15000000000000002	0	0	1	1
0.03333333333333333	0.5	0.86	0	agent	0.15000000000000002	0	0	1	1
0.03333333333333333	0.5	0.86	0	agent	0.15000000000000002	0	0	1	1
0.03333333333333333	0.5	0.86	0	agent	0.15000000000000002	0	0	1	1
0.03333333333333333	0.5	0.86	0	agent	0.15000000000000002	0	0	1	1
0.03333333333333333	0.5	0.86	0	agent	0.15000000000000002	0	0	1	1
0.03333333333333333	0.5	0.86	0	agent	0.15000000000000002	0	0	1	1
0.03333333333333333	0.5	0.86	0	agent	0.15000000000000002	0	0	1	1
0.03333333333333333	0.5	0.86	0	agent	0.15000000000000002	0	0	1	1
0.03333333333333333	0.5	0.86	0	agent	0.15000000000000002	0	0	1	1
0.03333333333333333	0.5	0.86	0	agent	0.15000000000000002	0	0	1	1
0.03333333333333333	0.5	0.86	0	agent	0.15000000000000002	0	0	1	1
0.03333333333333333	0.5	0.86	0	agent	0.15000000000000002	0	0	1	1
0.03333333333333333	0.5	0.86	0	agent	0.15000000000000002	0	0	1	1
0.03333333333333333	0.5	0.86	0	agent	0.15000000000000002	0	0	1	1
0.03333333333333333	0.5	0.86	0	agent	0.15000000000000002	0	0	1	1
0.03333333333333333	0.5	0.86	0	agent	0.15000000000000002	0	0	1	1
0.03333333333333333	0.5	0.86	0	agent	0.15000000000000002	0	0	1	1
0.03333333333333333	0.5	0.86	0	agent	0.15000000000000002	0	0	1	1
0.03333333333333333	0.5	0.86	0	agent	0.15000000000000002	0	0	1	1
0.03333333333333333	0.5	0.86	0	agent	0.15000000000000002	0	0	1	1
0.03333333333333333	0.5	0.86	0	agent	0.15000000000000002	0	0	1	1
0.03333333333333333	0.5	0.86	0	agent	0.15000000000000002	0	0	1	1
0.03333333333333333	0.5	0.86	0	agent	0.15000000000000002	0	0	1	1
0.03333333333333333	0.5	0.86	0	agent	0.15000000000000002	0	0	1	1
0.03333333333333333	0.5	0.86	0	agent	0.15000000000000002	0	0	1	1
0.03333333333333333	0.5	0.86	0	agent	0.15000000000000002	0	0	1	1
0.03333333333333333	0.5	0.86	0	agent	0.15000000000000002	0	0	1	1
0.03333333333333333	0.5	0.86	0	agent	0.15000000000000002	0	0	1	1
0.03333333333333333	0.5	0.86	0	agent	0.15000000000000002	0	0	1	1
0.03333333333333333	0.5	0.86	0	agent	0.15000000000000002	0	0	1	1
0.03333333333333333	0.5	0.86	0	agent	0.15000000000000002	0	0	1	1
0.03333333333333333	0.5	0.86	0	agent	0.15000000000000002	0	0	1	1
0.03333333333333333	0.5	0.86	0	agent	0.15000000000000002	0	0	1	1
0.03333333333333333	0.5	0.86	0	agent	0.15000000000000002	0	0	1	1
0.03333333333333333	0.5	0.86	0	agent	0.15000000000000002	0	0	1	1
0.03333333333333333	0.5	0.86	0	agent	0.15000000000000002	0	0	1	1
0.03333333333333333	0.5	0.86	0	agent	0.15000000000000002	0	0	1	1
0.03333333333333333	0.5	0.86	0	agent	0.15000000000000002	0	0	1	1
0.03333333333333333	0.5	0.86	0	agent	0.15000000000000002	0	0	1	1
0.03333333333333333	0.5	0.86	0	agent	0.15000000000000002	0	0	1	1
0.03333333333333333	0.5	0.86	0	agent	0.15000000000000002	0	0	1	1
0.03333333333333333	0.5	0.86	0	agent	0.15000000000000002	0	0	1	1
0.03333333333333333	0.5	0.86	0	agent	0.15000000000000002	0	0	1	1
0.03333333333333333	0.5	0.86	0	agent	0.15000000000000002	0	0	1	1
0.03333333333333333	0.5	0.86	0	agent	0.15000000000000002	0	0	1	1
0.03333333333333333	0.5	0.86	0	agent	0.15000000000000002	0	0	1	1
0.03333333333333333	0.5	0.86	0	agent	0.15000000000000002	0	0	1	1
0.03333333333333333	0.5	0.86	0	agent	0.15000000000000002	0	0	1	1
0.03333333333333333	0.5	0.86	0	agent	0.15000000000000002	0	0	1	1
0.03333333333333333	0.5	0.86	0	agent	0.15000000000000002	0	0	1	1
0.03333333333333333	0.5	0.86	0	agent	0.15000000000000002	0	0	1	1
0.03333333333333333	0.5	0.86	0	agent	0.15000000000000002	0	0	1	1
0.03333333333333333	0.5	0.86	0	agent	0.15000000000000002	0	0	1	1
0.03333333333333333	0.5	0.86	0	agent	0.15000000000000002	0	0	1	1
0.03333333333333333	0.5	0.86	0	agent	0.15000000000000002	0	0	1	1
0.03333333333333333	0.5	0.86	0	agent	0.15000000000000002	0	0	1	1
0.03333333333333333	0.5	0.86	0	agent	0.15000000000000002	0	0	1	1
0.03333333333333333	0.5	0.86	0	agent	0.15000000000000002	0	0	1	1
0.03333333333333333	0.5	0.86	0	agent	0.15000000000000002	0	0	1	1
0.03333333333333333	0.5	0.86	0	agent	0.15000000000000002	0	0	1	1
0.03333333333333333	0.5	0.86	0	agent	0.15000000000000002	0	0	1	1
0.03333333333333333	0.5	0.86	0	agent	0.15000000000000002	0	0	1	1
0.03333333333333333	0.5	0.86	0	agent	0.15000000000000002	0	0	1	1
0.03333333333333333	0.5	0.86	0	agent	0.15000000000000002	0	0	1	1
0.03333333333333333	0.5	0.86	0	agent	0.15000000000000002	0	0	1	1
0.03333333333333333	0.5	0.86	0	agent	0.15000000000000002	0	0	1	1
0.03333333333333333	0.5	0.86	0	agent	0.15000000000000002	0	0	1	1
0.03333333333333333	0.5	0.86	0	agent	0.15000000000000002	0	0	1	1
0.03333333333333333	0.5	0.86	0	agent	0.15000000000000002	0	0	1	1
0.03333333333333333	0.5	0.86	0	agent	0.15000000000000002	0	0	1	1
0.03333333333333333	0.5	0.86	0	agent	0.15000000000000002	0	0	1	1
0.03333333333333333	0.5	0.86	0	agent	0.15000000000000002	0	0	1	1
0.03333333333333333	0.5	0.86	0	agent	0.15000000000000002	0	0	1	1
0.03333333333333333	0.5	0.86	0	agent	0.15000000000000002	0	0	1	1
0.03333333333333333	0.5	0.86	0	agent	0.15000000000000002	0	0	1	1
0.03333333333333333	0.5	0.86	0	agent	0.15000000000000002	0	0	1	1
0.03333333333333333	0.5	0.86	0	agent	0.15000000000000002	0	0	1	1
0.03333333333333333	0.5	0.86	0	agent	0.15000000000000002	0	0	1	1
0.03333333333333333	0.5	0.86	0	agent	0.15000000000000002	0	0	1	1
0.03333333333333333	0.5	0.86	0	agent	0.15000000000000002	0	0	1	1
0.03333333333333333	0.5	0.86	0	agent	0.15000000000000002	0	0	1	1
0.03333333333333333	0.5	0.86	0	agent	0.15000000000000002	0	0	1	1
0.03333333333333333	0.5	0.86	0	agent	0.15000000000000002	0	0	1	1
0.03333333333333333	0.5	0.86	0	agent	0.15000000000000002	0	0	1	1
0.03333333333333333	0.5	0.86	0	agent	0.15000000000000002	0	0	1	1
0.03333333333333333	0.5	0.86	0	agent	0.15000000000000002	0	0	1	1
0.03333333333333333	0.5	0.86	0	agent	0.15000000000000002	0	0	1	1
0.03333333333333333	0.5	0.86	0	agent	0.15000000000000002	0	0	1	1
0.03333333333333333	0.5	0.86	0	agent	0.15000000000000002	0	0	1	1
0.03333333333333333	0.5	0.86	0	agent	0.15000000000000002	0	0	1	1
0.03333333333333333	0.5	0.86	0	agent	0.15000000000000002	0	0	1	1
0.03333333333333333	0.5	0.86	0	agent	0.15000000000000002	0	0	1	1
0.03333333333333333	0.5	0.86	0	agent	0.15000000000000002	0	0	1	1
0.03333333333333333	0.5	0.86	0	agent	0.15000000000000002	0	0	1	1
0.03333333333333333	0.5	0.86	0	agent	0.15000000000000002	0	0	1	1
0.03333333333333333	0.5	0.86	0	agent	0.15000000000000002	0	0	1	1
0.03333333333333333	0.5	0.86	0	agent	0.15000000000000002	0	0	1	1
0.03333333333333333	0.5	0.86	0	agent	0.15000000000000002	0	0	1	1
0.03333333333333333	0.5	0.86	0	agent	0.15000000000000002	0	0	1	1
0.03333333333333333	0.5	0.86	0	agent	0.15000000000000002	0	0	1	1
0.03333333333333333	0.5	0.86	0	agent	0.15000000000000002	0	0	1	1
0.03333333333333333	0.5	0.86	0	agent	0.15000000000000002	0	0	1	1
0.03333333333333333	0.5	0.86	0	agent	0.15000000000000002	0	0	1	1
0.03333333333333333	0.5	0.86	0	human	0.15	0	0	1	1
0.03333333333333333	0.5	0.8600669474138862	0.001590001079796998	human	0.1514226325450815	0	0	1	1
0.03333333333333333	0.5	0.8602634704675521	0.0062574236043623785	human	0.15559874743548213	0	0	1	1
0.03333333333333333	0.5	0.8605830903790087	0.013848396501457725	human	0.16239067055393586	0	0	1	1
0.03333333333333333	0.5	0.8610193283662672	0.02420904869884461	human	0.17166072778317676	0	0	1	1
0.03333333333333333	0.5	0.8615657056473383	0.03718550912428463	human	0.1832712450059389	0	0	1	1
0.03333333333333333	0.5	0.8622157434402332	0.052623906705539354	human	0.19708454810495626	0	0	1	1
0.03333333333333333	0.5	0.8629629629629629	0.07037037037037036	human	0.21296296296296297	0	0	1	1
0.03333333333333333	0.5	0.8638008854335385	0.09027102904653923	human	0.23076881546269298	0	0	1	1
0.03333333333333333	0.5	0.8647230320699708	0.11217201166180758	human	0.2503644314868805	0	0	1	1
0.03333333333333333	0.5	0.8657229240902711	0.13591944714393692	human	0.27161213691825936	0	0	1	1
0.03333333333333333	0.5	0.8667940827124501	0.16135946442068894	human	0.29437425763956376	0	0	1	1
0.03333333333333333	0.5	0.8679300291545189	0.18833819241982508	human	0.3185131195335277	0	0	1	1
0.03333333333333333	0.5	0.8691242846344888	0.216701760069107	human	0.3438910484828852	0	0	1	1
0.03333333333333333	0.5	0.8703703703703703	0.24629629629629626	human	0.37037037037037035	0	0	1	1
0.03333333333333333	0.5	0.871661807580175	0.27696793002915454	human	0.3978134110787172	0	0	1	1
0.03333333333333333	0.5	0.8729921174819134	0.3085627901954432	human	0.42608249649065977	0	0	1	1
0.03333333333333333	0.5	0.8743548212935968	0.3409270057229241	human	0.45503995248893203	0	0	1	1
0.03333333333333333	0.5	0.8757434402332361	0.37390670553935856	human	0.4845481049562682	0	0	1	1
0.03333333333333333	0.5	0.8771514955188424	0.4073480185725084	human	0.5144692797754022	0	0	1	1
0.03333333333333333	0.5	0.8785725083684267	0.44109707375013485	human	0.5446658028290681	0	0	1	1
0.03333333333333333	0.5	0.88	0.475	human	0.575	0	0	1	1
0.03333333333333333	0.5	0.8814274916315733	0.508902926249865	human	0.6053341971709318	0	0	1	1
0.03333333333333333	0.5	0.8828485044811576	0.5426519814274916	human	0.6355307202245978	0	0	1	1
0.03333333333333333	0.5	0.8842565597667639	0.5760932944606413	human	0.6654518950437317	0	0	1	1
0.03333333333333333	0.5	0.8856451787064032	0.6090729942770758	human	0.6949600475110679	0	0	1	1
0.03333333333333333	0.5	0.8870078825180866	0.6414372098045567	human	0.7239175035093403	0	0	1	1
0.03333333333333333	0.5	0.888338192419825	0.6730320699708455	human	0.7521865889212829	0	0	1	1
0.03333333333333333	0.5	0.8896296296296297	0.7037037037037036	human	0.7796296296296296	0	0	1	1
0.03333333333333333	0.5	0.8908757153655114	0.7332982399308929	human	0.8061089515171148	0	0	1	1
0.03333333333333333	0.5	0.8920699708454811	0.7616618075801749	human	0.8314868804664722	0	0	1	1
0.03333333333333333	0.5	0.8932059172875499	0.788640535579311	human	0.8556257423604362	0	0	1	1
0.03333333333333333	0.5	0.8942770759097289	0.814080552856063	human	0.8783878630817405	0	0	1	1
0.03333333333333333	0.5	0.8952769679300292	0.8378279883381924	human	0.8996355685131195	0	0	1	1
0.03333333333333333	0.5	0.8961991145664615	0.8597289709534607	human	0.9192311845373069	0	0	1	1
0.03333333333333333	0.5	0.8970370370370371	0.8796296296296297	human	0.9370370370370371	0	0	1	1
0.03333333333333333	0.5	0.8977842565597668	0.8973760932944607	human	0.9529154518950438	0	0	1	1
0.03333333333333333	0.5	0.8984342943526618	0.9128144908757153	human	0.9667287549940611	0	0	1	1
0.03333333333333333	0.5	0.8989806716337329	0.9257909513011554	human	0.9783392722168233	0	0	1	1
0.03333333333333333	0.5	0.8994169096209913	0.9361516034985422	human	0.987609329446064	0	0	1	1
0.03333333333333333	0.5	0.899736529532448	0.9437425763956376	human	0.994401252564518	0	0	1	1
0.03333333333333333	0.5	0.8999330525861138	0.948409998920203	human	0.9985773674549184	0	0	1	1
0.03333333333333333	0.5	0.9	0.95	human	1	0	0	1	1
0.03333333333333333	0.5	0.9	0.95	human	1	0	0	1	1
0.03333333333333333	0.5	0.9	0.95	human	1	0	0	1	1
0.03333333333333333	0.5	0.9	0.95	human	1	0	0	1	1
0.03333333333333333	0.5	0.9	0.95	human	1	0	0	1	1
0.03333333333333333	0.5	0.9	0.95	human	1	0	0	1	1
0.03333333333333333	0.5	0.9	0.95	human	1	0	0	1	1
0.03333333333333333	0.5	0.9	0.95	human	1	0	0	1	1
0.03333333333333333	0.5	0.9	0.95	human	1	0	0	1	1
0.03333333333333333	0.5	0.9	0.95	human	1	0	0	1	1
0.03333333333333333	0.5	0.9	0.95	human	1	0	0	1	1
0.03333333333333333	0.5	0.9	0.95	human	1	0	0	1	1
0.03333333333333333	0.5	0.9	0.95	human	1	0	0	1	1
0.03333333333333333	0.5	0.9	0.95	human	1	0	0	1	1
0.03333333333333333	0.5	0.9	0.95	human	1	0	0	1	1
0.03333333333333333	0.5	0.9	0.95	human	1	0	0	1	1
0.03333333333333333	0.5	0.9	0.95	human	1	0	0	1	1
0.03333333333333333	0.5	0.9	0.95	human	1	0	0	1	1
0.03333333333333333	0.5	0.9	0.95	human	1	0	0	1	1
0.03333333333333333	0.5	0.9	0.95	human	1	0	0	1	1
0.03333333333333333	0.5	0.9	0.95	human	1	0	0	1	1
0.03333333333333333	0.5	0.9	0.95	human	1	0	0	1	1
0.03333333333333333	0.5	0.9	0.95	human	1	0	0	1	1
0.03333333333333333	0.5	0.9	0.95	human	1	0	0	1	1
0.03333333333333333	0.5	0.9	0.95	human	1	0	0	1	1
0.03333333333333333	0.5	0.9	0.95	human	1	0	0	1	1
0.03333333333333333	0.5	0.9	0.95	human	1	0	0	1	1
0.03333333333333333	0.5	0.9	0.95	human	1	0	0	1	1
0.03333333333333333	0.5	0.9	0.95	human	1	0	0	1	1
0.03333333333333333	0.5	0.9	0.95	human	1	0	0	1	1
0.03333333333333333	0.5	0.9	0.95	human	1	0	0	1	1
0.03333333333333333	0.5	0.9	0.95	human	1	0	0	1	1
0.03333333333333333	0.5	0.9	0.95	human	1	0	0	1	1
0.03333333333333333	0.5	0.9	0.95	human	1	0	0	1	1
0.03333333333333333	0.5	0.9	0.95	human	1	0	0	1	1
0.03333333333333333	0.5	0.9	0.95	human	1	0	0	1	1
0.03333333333333333	0.5	0.9	0.95	human	1	0	0	1	1
0.03333333333333333	0.5	0.9	0.95	human	1	0	0	1	1
0.03333333333333333	0.5	0.9	0.95	human	1	0	0	1	1
0.03333333333333333	0.5	0.9	0.95	human	1	0	0	1	1
0.03333333333333333	0.5	0.9	0.95	human	1	0	0	1	1
0.03333333333333333	0.5	0.9	0.95	human	1	0	0	1	1
0.03333333333333333	0.5	0.9	0.95	human	1	0	0	1	1
0.03333333333333333	0.5	0.9	0.95	human	1	0	0	1	1
0.03333333333333333	0.5	0.9	0.95	human	1	0	0	1	1
0.03333333333333333	0.5	0.9	0.95	human	1	0	0	1	1
0.03333333333333333	0.5	0.9	0.95	human	1	0	0	1	1
0.03333333333333333	0.5	0.9	0.95	human	1	0	0	1	1
0.03333333333333333	0.5	0.9	0.95	human	1	0	0	1	1
0.03333333333333333	0.5	0.9	0.95	human	1	0	0	1	1
0.03333333333333333	0.5	0.9	0.95	human	1	0	0	1	1
0.03333333333333333	0.5	0.9	0.95	human	1	0	0	1	1
0.03333333333333333	0.5	0.9	0.95	human	1	0	0	1	1
0.03333333333333333	0.5	0.9	0.95	human	1	0	0	1	1
0.03333333333333333	0.5	0.9	0.95	human	1	0	0	1	1
0.03333333333333333	0.5	0.9	0.95	human	1	0	0	1	1
0.03333333333333333	0.5	0.9	0.95	human	1	0	0	1	1
0.03333333333333333	0.5	0.9	0.95	human	1	0	0	1	1
0.03333333333333333	0.5	0.9	0.95	human	1	0	0	1	1
0.03333333333333333	0.5	0.9	0.95	human	1	0	0	1	1
0.03333333333333333	0.5	0.9	0.95	human	1	0	0	1	1
0.03333333333333333	0.5	0.9	0.95	human	1	0	0	1	1
0.03333333333333333	0.5	0.9	0.95	human	1	0	0	1	1
0.03333333333333333	0.5	0.9	0.95	human	1	0	0	1	1
0.03333333333333333	0.5	0.9	0.95	human	1	0	0	1	1
0.03333333333333333	0.5	0.9	0.95	human	1	0	0	1	1
0.03333333333333333	0.5	0.9	0.95	human	1	0	0	1	1
0.03333333333333333	0.5	0.9	0.95	human	1	0	0	1	1
0.03333333333333333	0.5	0.9	0.95	human	1	0	0	1	1
0.03333333333333333	0.5	0.9	0.95	human	1	0	0	1	1
0.03333333333333333	0.5	0.9	0.95	human	1	0	0	1	1
0.03333333333333333	0.5	0.9	0.95	human	1	0	0	1	1
0.03333333333333333	0.5	0.9	0.95	human	1	0	0	1	1
0.03333333333333333	0.5	0.9	0.95	human	1	0	0	1	1
0.03333333333333333	0.5	0.9	0.95	human	1	0	0	1	1
0.03333333333333333	0.5	0.9	0.95	human	1	0	0	1	1
0.03333333333333333	0.5	0.9	0.95	human	1	0	0	1	1
0.03333333333333333	0.5	0.9	0.95	human	1	0	0	1	1
0.03333333333333333	0.5	0.9	0.95	human	1	0	0	1	1
0.03333333333333333	0.5	0.9	0.95	human	1	0	0	1	1
0.03333333333333333	0.5	0.9	0.95	human	1	0	0	1	1
0.03333333333333333	0.5	0.9	0.95	human	1	0	0	1	1
0.03333333333333333	0.5	0.9	0.95	human	1	0	0	1	1
0.03333333333333333	0.5	0.9	0.95	human	1	0	0	1	1
0.03333333333333333	0.5	0.9	0.95	human	1	0	0	1	1
0.03333333333333333	0.5	0.9	0.95	human	1	0	0	1	1
0.03333333333333333	0.5	0.9	0.95	human	1	0	0	1	1
0.03333333333333333	0.5	0.9	0.95	human	1	0	0	1	1
0.03333333333333333	0.5	0.9	0.95	human	1	0	0	1	1
0.03333333333333333	0.5	0.9	0.95	human	1	0	0	1	1
0.03333333333333333	0.5	0.9	0.95	human	1	0	0	1	1
0.03333333333333333	0.5	0.9	0.95	human	1	0	0	1	1
0.03333333333333333	0.5	0.9	0.95	human	1	0	0	1	1
0.03333333333333333	0.5	0.9	0.95	human	1	0	0	1	1
0.03333333333333333	0.5	0.9	0.95	human	1	0	0	1	1
0.03333333333333333	0.5	0.9	0.95	human	1	0	0	1	1
0.03333333333333333	0.5	0.9	0.95	human	1	0	0	1	1
0.03333333333333333	0.5	0.9	0.95	human	1	0	0	1	1
0.03333333333333333	0.5	0.9	0.95	human	1	0	0	1	1
0.03333333333333333	0.5	0.9	0.95	human	1	0	0	1	1
0.03333333333333333	0.5	0.9	0.95	human	1	0	0	1	1
0.03333333333333333	0.5	0.9	0.95	human	1	0	0	1	1
0.03333333333333333	0.5	0.9	0.95	human	1	0	0	1	1
0.03333333333333333	0.5	0.9	0.95	human	1	0	0	1	1
0.03333333333333333	0.5	0.9	0.95	human	1	0	0	1	1
0.03333333333333333	0.5	0.9	0.95	human	1	0	0	1	1
0.03333333333333333	0.5	0.9	0.95	human	1	0	0	1	1
0.03333333333333333	0.5	0.9	0.95	human	1	0	0	1	1
0.03333333333333333	0.5	0.9	0.95	human	1	0	0	1	1
0.03333333333333333	0.5	0.9	0.95	human	1	0	0	1	1
0.03333333333333333	0.5	0.9	0.95	human	1	0	0	1	1
0.03333333333333333	0.5	0.9	0.95	human	1	0	0	1	1
0.03333333333333333	0.5	0.9	0.95	human	1	0	0	1	1
0.03333333333333333	0.5	0.9	0.95	human	1	0	0	1	1
0.03333333333333333	0.5	0.9	0.95	human	1	0	0	1	1
0.03333333333333333	0.5	0.9	0.95	human	1	0	0	1	1
0.03333333333333333	0.5	0.9	0.95	human	1	0	0	1	1
0.03333333333333333	0.5	0.9	0.95	human	1	0	0	1	1
0.03333333333333333	0.5	0.9	0.95	human	1	0	0	1	1
0.03333333333333333	0.5	0.9	0.95	human	1	0	0	1	1
0.03333333333333333	0.5	0.9	0.95	human	1	0	0	1	1
0.03333333333333333	0.5	0.9	0.95	human	1	0	0	1	1
0.03333333333333333	0.5	0.9	0.95	human	1	0	0	1	1
0.03333333333333333	0.5	0.9	0.95	human	1	0	0	1	1
0.03333333333333333	0.5	0.9	0.95	human	1	0	0	1	1
0.03333333333333333	0.5	0.9	0.95	human	1	0	0	1	1
0.03333333333333333	0.5	0.9	0.95	human	1	0	0	1	1
0.03333333333333333	0.5	0.9	0.95	human	1	0	0	1	1
0.03333333333333333	0.5	0.9	0.95	human	1	0	0	1	1
0.03333333333333333	0.5	0.9	0.95	human	1	0	0	1	1
0.03333333333333333	0.5	0.9	0.95	human	1	0	0	1	1
0.03333333333333333	0.5	0.9	0.95	human	1	0	0	1	1
0.03333333333333333	0.5	0.9	0.95	human	1	0	0	1	1
0.03333333333333333	0.5	0.9	0.95	human	1	0	0	1	1
0.03333333333333333	0.5	0.9	0.95	human	1	0	0	1	1
0.03333333333333333	0.5	0.9	0.95	human	1	0	0	1	1
0.03333333333333333	0.5	0.9	0.95	human	1	0	0	1	1
0.03333333333333333	0.5	0.9	0.95	human	1	0	0	1	1
0.03333333333333333	0.5	0.9	0.95	human	1	0	0	1	1
0.03333333333333333	0.5	0.9	0.95	human	1	0	0	1	1
0.03333333333333333	0.5	0.9	0.95	human	1	0	0	1	1
0.03333333333333333	0.5	0.9	0.95	human	1	0	0	1	1
0.03333333333333333	0.5	0.9	0.95	human	1	0	0	1	1
0.03333333333333333	0.5	0.9	0.95	human	1	0	0	1	1
0.03333333333333333	0.5	0.9	0.95	human	1	0	0	1	1
0.03333333333333333	0.5	0.9	0.95	human	1	0	0	1	1
0.03333333333333333	0.5	0.9	0.95	human	1	0	0	1	1
0.03333333333333333	0.5	0.9	0.95	human	1	0	0	1	1
0.03333333333333333	0.5	0.9	0.95	human	1	0	0	1	1
0.03333333333333333	0.5	0.9	0.95	human	1	0	0	1	1
0.03333333333333333	0.5	0.9	0.95	human	1	0	0	1	1
0.03333333333333333	0.5	0.9	0.95	human	1	0	0	1	1
0.03333333333333333	0.5	0.9	0.95	human	1	0	0	1	1
0.03333333333333333	0.5	0.9	0.95	human	1	0	0	1	1
0.03333333333333333	0.5	0.9	0.95	human	1	0	0	1	1
0.03333333333333333	0.5	0.9	0.95	human	1	0	0	1	1
0.03333333333333333	0.5	0.9	0.95	human	1	0	0	1	1
0.03333333333333333	0.5	0.9	0.95	human	1	0	0	1	1
0.03333333333333333	0.5	0.9	0.95	human	1	0	0	1	1
0.03333333333333333	0.5	0.9	0.95	human	1	0	0	1	1
0.03333333333333333	0.5	0.9	0.95	human	1	0	0	1	1
0.03333333333333333	0.5	0.9	0.95	human	1	0	0	1	1
0.03333333333333333	0.5	0.9	0.95	human	1	0	0	1	1
0.03333333333333333	0.5	0.9	0.95	human	1	0	0	1	1
0.03333333333333333	0.5	0.9	0.95	human	1	0	0	1	1
0.03333333333333333	0.5	0.9	0.95	human	1	0	0	1	1
0.03333333333333333	0.5	0.9	0.95	human	1	0	0	1	1
0.03333333333333333	0.5	0.9	0.95	human	1	0	0	1	1
0.03333333333333333	0.5	0.9	0.95	reasoning	1	0	0	1	1
0.03333333333333333	0.4993639995680812	0.9000836842673577	0.948409998920203	reasoning	1	0.000669474138861894	-0.000334737069430947	0.9966526293056905	0.9992468415937804
0.03333333333333333	0.49749703055825506	0.9003293380844402	0.9437425763956375	reasoning	1	0.002634704675521002	-0.001317352337760501	0.986826476622395	0.9970359572400389
0.03333333333333333	0.4944606413994169	0.900728862973761	0.9361516034985422	reasoning	1	0.0058309037900874635	-0.0029154518950437317	0.9708454810495627	0.9934402332361516
0.03333333333333333	0.49031638052046217	0.9012741604578339	0.9257909513011553	reasoning	1	0.010193283662671415	-0.005096641831335708	0.9490335816866429	0.9885325558794946
0.03333333333333333	0.48512579635028613	0.9019571320591729	0.9128144908757153	reasoning	1	0.015657056473383002	-0.007828528236691501	0.921714717633085	0.9823858114674441
0.03333333333333333	0.47895043731778425	0.9027696793002916	0.8973760932944606	reasoning	1	0.022157434402332362	-0.011078717201166181	0.8892128279883382	0.9750728862973761
0.03333333333333333	0.47185185185185186	0.9037037037037037	0.8796296296296295	reasoning	1	0.02962962962962963	-0.014814814814814815	0.8518518518518519	0.9666666666666667
0.03333333333333333	0.46389158838138433	0.9047511067919232	0.8597289709534607	reasoning	1	0.038008854335384944	-0.019004427167692472	0.8099557283230753	0.9572400388726919
0.03333333333333333	0.45513119533527696	0.9059037900874636	0.8378279883381924	reasoning	1	0.04723032069970846	-0.02361516034985423	0.7638483965014577	0.946865889212828
0.03333333333333333	0.44563222114242523	0.9071536551128389	0.8140805528560631	reasoning	1	0.05722924090271029	-0.028614620451355145	0.7138537954864486	0.935617103984451
0.03333333333333333	0.4354562142317244	0.9084926033905626	0.788640535579311	reasoning	1	0.0679408271245006	-0.0339704135622503	0.660295864377497	0.9235665694849369
0.03333333333333333	0.42466472303207	0.9099125364431487	0.7616618075801749	reasoning	1	0.07930029154518951	-0.03965014577259476	0.6034985422740524	0.9107871720116618
0.03333333333333333	0.41331929597235717	0.9114053557931109	0.7332982399308929	reasoning	1	0.09124284634488716	-0.04562142317244358	0.5437857682755642	0.8973517978620019
0.03333333333333333	0.4014814814814815	0.912962962962963	0.7037037037037037	reasoning	1	0.1037037037037037	-0.05185185185185185	0.4814814814814815	0.8833333333333333
0.03333333333333333	0.3892128279883382	0.9145772594752186	0.6730320699708454	reasoning	1	0.11661807580174928	-0.05830903790087464	0.4169096209912536	0.8688046647230321
0.03333333333333333	0.3765748839218227	0.9162401468523917	0.6414372098045568	reasoning	1	0.12992117481913398	-0.06496058740956699	0.35039412590433006	0.8538386783284743
0.03333333333333333	0.36362919771083035	0.917943526616996	0.6090729942770758	reasoning	1	0.14354821293596806	-0.07177410646798403	0.2822589353201598	0.838508260447036
0.03333333333333333	0.3504373177842566	0.9196793002915452	0.5760932944606414	reasoning	1	0.1574344023323615	-0.07871720116618075	0.2128279883381925	0.8228862973760933
0.03333333333333333	0.33706079257099664	0.9214393693985531	0.5426519814274915	reasoning	1	0.1715149551884246	-0.0857574775942123	0.14242522405787705	0.8070456754130224
0.03333333333333333	0.32356117049994604	0.9232156354605334	0.5089029262498651	reasoning	1	0.18572508368426732	-0.09286254184213366	0.07137458157866339	0.7910592808551993
0.03333333333333333	0.31	0.925	0.475	reasoning	1	0.2	-0.1	0	0.775
0.03333333333333333	0.29643882950005396	0.9267843645394666	0.44109707375013496	reasoning	1	0.21427491631573267	-0.10713745815786634	-0.07137458157866328	0.7589407191448008
0.03333333333333333	0.28293920742900336	0.9285606306014469	0.40734801857250835	reasoning	1	0.22848504481157544	-0.11424252240578772	-0.14242522405787716	0.7429543245869776
0.03333333333333333	0.2695626822157435	0.9303206997084548	0.3739067055393587	reasoning	1	0.24256559766763847	-0.12128279883381923	-0.21282798833819228	0.7271137026239067
0.03333333333333333	0.25637080228916964	0.932056473383004	0.3409270057229241	reasoning	1	0.25645178706403193	-0.12822589353201597	-0.28225893532015967	0.7114917395529641
0.03333333333333333	0.2434251160781773	0.9337598531476082	0.3085627901954433	reasoning	1	0.270078825180866	-0.135039412590433	-0.35039412590432994	0.6961613216715258
0.03333333333333333	0.23078717201166177	0.9354227405247814	0.27696793002915443	reasoning	1	0.28338192419825076	-0.14169096209912538	-0.4169096209912537	0.681195335276968
0.03333333333333333	0.21851851851851856	0.937037037037037	0.24629629629629635	reasoning	1	0.2962962962962963	-0.14814814814814814	-0.4814814814814814	0.6666666666666667
0.03333333333333333	0.20668070402764277	0.9385946442068891	0.21670176006910702	reasoning	1	0.30875715365511286	-0.15437857682755643	-0.5437857682755642	0.652648202137998
0.03333333333333333	0.19533527696793002	0.9400874635568512	0.18833819241982508	reasoning	1	0.3206997084548105	-0.16034985422740525	-0.6034985422740524	0.6392128279883382
0.03333333333333333	0.18454378576827557	0.9415073966094374	0.16135946442068894	reasoning	1	0.3320591728754994	-0.1660295864377497	-0.660295864377497	0.6264334305150632
0.03333333333333333	0.17436777885757482	0.9428463448871611	0.135919447143937	reasoning	1	0.3427707590972897	-0.17138537954864486	-0.7138537954864483	0.6143828960155492
0.03333333333333333	0.16486880466472303	0.9440962099125364	0.11217201166180757	reasoning	1	0.35276967930029157	-0.17638483965014579	-0.7638483965014577	0.603134110787172
0.03333333333333333	0.15610841161861572	0.9452488932080768	0.09027102904653928	reasoning	1	0.36199114566461504	-0.18099557283230752	-0.8099557283230752	0.5927599611273081
0.03333333333333333	0.14814814814814808	0.9462962962962963	0.0703703703703703	reasoning	1	0.37037037037037046	-0.18518518518518523	-0.8518518518518521	0.5833333333333333
0.03333333333333333	0.14104956268221575	0.9472303206997084	0.05262390670553929	reasoning	1	0.37784256559766766	-0.18892128279883383	-0.8892128279883382	0.574927113702624
0.03333333333333333	0.13487420364971386	0.948042867940827	0.037185509124284644	reasoning	1	0.384342943526617	-0.1921714717633085	-0.9217147176330849	0.567614188532556
0.03333333333333333	0.12968361947953783	0.948725839542166	0.02420904869884455	reasoning	1	0.38980671633732866	-0.19490335816866433	-0.9490335816866431	0.5614674441205054
0.03333333333333333	0.12553935860058313	0.949271137026239	0.01384839650145775	reasoning	1	0.39416909620991253	-0.19708454810495626	-0.9708454810495626	0.5565597667638484
0.03333333333333333	0.12250296944174494	0.9496706619155598	0.006257423604362322	reasoning	1	0.39736529532447906	-0.19868264766223953	-0.9868264766223951	0.5529640427599611
0.03333333333333333	0.1206360004319188	0.9499163157326422	0.0015900010797970099	reasoning	1	0.39933052586113815	-0.19966526293056908	-0.9966526293056905	0.5507531584062197
0.03333333333333333	0.12	0.95	0	reasoning	1	0.4	-0.2	-1	0.55
0.03333333333333333	0.12	0.95	0	reasoning	1	0.4	-0.2	-1	0.55
0.03333333333333333	0.12	0.95	0	reasoning	1	0.4	-0.2	-1	0.55
0.03333333333333333	0.12	0.95	0	reasoning	1	0.4	-0.2	-1	0.55
0.03333333333333333	0.12	0.95	0	reasoning	1	0.4	-0.2	-1	0.55
0.03333333333333333	0.12	0.95	0	reasoning	1	0.4	-0.2	-1	0.55
0.03333333333333333	0.12	0.95	0	reasoning	1	0.4	-0.2	-1	0.55
0.03333333333333333	0.12	0.95	0	reasoning	1	0.4	-0.2	-1	0.55
0.03333333333333333	0.12	0.95	0	reasoning	1	0.4	-0.2	-1	0.55
0.03333333333333333	0.12	0.95	0	reasoning	1	0.4	-0.2	-1	0.55
0.03333333333333333	0.12	0.95	0	reasoning	1	0.4	-0.2	-1	0.55
0.03333333333333333	0.12	0.95	0	reasoning	1	0.4	-0.2	-1	0.55
0.03333333333333333	0.12	0.95	0	reasoning	1	0.4	-0.2	-1	0.55
0.03333333333333333	0.12	0.95	0	reasoning	1	0.4	-0.2	-1	0.55
0.03333333333333333	0.12	0.95	0	reasoning	1	0.4	-0.2	-1	0.55
0.03333333333333333	0.12	0.95	0	reasoning	1	0.4	-0.2	-1	0.55
0.03333333333333333	0.12	0.95	0	reasoning	1	0.4	-0.2	-1	0.55
0.03333333333333333	0.12	0.95	0	reasoning	1	0.4	-0.2	-1	0.55
0.03333333333333333	0.12	0.95	0	reasoning	1	0.4	-0.2	-1	0.55
0.03333333333333333	0.12	0.95	0	reasoning	1	0.4	-0.2	-1	0.55
0.03333333333333333	0.12	0.95	0	reasoning	1	0.4	-0.2	-1	0.55
0.03333333333333333	0.12	0.95	0	reasoning	1	0.4	-0.2	-1	0.55
0.03333333333333333	0.12	0.95	0	reasoning	1	0.4	-0.2	-1	0.55
0.03333333333333333	0.12	0.95	0	reasoning	1	0.4	-0.2	-1	0.55
0.03333333333333333	0.12	0.95	0	reasoning	1	0.4	-0.2	-1	0.55
0.03333333333333333	0.12	0.95	0	reasoning	1	0.4	-0.2	-1	0.55
0.03333333333333333	0.12	0.95	0	reasoning	1	0.4	-0.2	-1	0.55
0.03333333333333333	0.12	0.95	0	reasoning	1	0.4	-0.2	-1	0.55
0.03333333333333333	0.12	0.95	0	reasoning	1	0.4	-0.2	-1	0.55
0.03333333333333333	0.12	0.95	0	reasoning	1	0.4	-0.2	-1	0.55
0.03333333333333333	0.12	0.95	0	reasoning	1	0.4	-0.2	-1	0.55
0.03333333333333333	0.12	0.95	0	reasoning	1	0.4	-0.2	-1	0.55
0.03333333333333333	0.12	0.95	0	reasoning	1	0.4	-0.2	-1	0.55
0.03333333333333333	0.12	0.95	0	reasoning	1	0.4	-0.2	-1	0.55
0.03333333333333333	0.12	0.95	0	reasoning	1	0.4	-0.2	-1	0.55
0.03333333333333333	0.12	0.95	0	reasoning	1	0.4	-0.2	-1	0.55
0.03333333333333333	0.12	0.95	0	reasoning	1	0.4	-0.2	-1	0.55
0.03333333333333333	0.12	0.95	0	reasoning	1	0.4	-0.2	-1	0.55
0.03333333333333333	0.12	0.95	0	reasoning	1	0.4	-0.2	-1	0.55
0.03333333333333333	0.12	0.95	0	reasoning	1	0.4	-0.2	-1	0.55
0.03333333333333333	0.12	0.95	0	reasoning	1	0.4	-0.2	-1	0.55
0.03333333333333333	0.12	0.95	0	reasoning	1	0.4	-0.2	-1	0.55
0.03333333333333333	0.12	0.95	0	reasoning	1	0.4	-0.2	-1	0.55
0.03333333333333333	0.12	0.95	0	reasoning	1	0.4	-0.2	-1	0.55
0.03333333333333333	0.12	0.95	0	reasoning	1	0.4	-0.2	-1	0.55
0.03333333333333333	0.12	0.95	0	reasoning	1	0.4	-0.2	-1	0.55
0.03333333333333333	0.12	0.95	0	reasoning	1	0.4	-0.2	-1	0.55
0.03333333333333333	0.12	0.95	0	reasoning	1	0.4	-0.2	-1	0.55
0.03333333333333333	0.12	0.95	0	reasoning	1	0.4	-0.2	-1	0.55
0.03333333333333333	0.12	0.95	0	reasoning	1	0.4	-0.2	-1	0.55
0.03333333333333333	0.12	0.95	0	reasoning	1	0.4	-0.2	-1	0.55
0.03333333333333333	0.12	0.95	0	reasoning	1	0.4	-0.2	-1	0.55
0.03333333333333333	0.12	0.95	0	reasoning	1	0.4	-0.2	-1	0.55
0.03333333333333333	0.12	0.95	0	reasoning	1	0.4	-0.2	-1	0.55
0.03333333333333333	0.12	0.95	0	reasoning	1	0.4	-0.2	-1	0.55
0.03333333333333333	0.12	0.95	0	reasoning	1	0.4	-0.2	-1	0.55
0.03333333333333333	0.12	0.95	0	reasoning	1	0.4	-0.2	-1	0.55
0.03333333333333333	0.12	0.95	0	reasoning	1	0.4	-0.2	-1	0.55
0.03333333333333333	0.12	0.95	0	reasoning	1	0.4	-0.2	-1	0.55
0.03333333333333333	0.12	0.95	0	reasoning	1	0.4	-0.2	-1	0.55
0.03333333333333333	0.12	0.95	0	reasoning	1	0.4	-0.2	-1	0.55
0.03333333333333333	0.12	0.95	0	reasoning	1	0.4	-0.2	-1	0.55
0.03333333333333333	0.12	0.95	0	reasoning	1	0.4	-0.2	-1	0.55
0.03333333333333333	0.12	0.95	0	reasoning	1	0.4	-0.2	-1	0.55
0.03333333333333333	0.12	0.95	0	reasoning	1	0.4	-0.2	-1	0.55
0.03333333333333333	0.12	0.95	0	reasoning	1	0.4	-0.2	-1	0.55
0.03333333333333333	0.12	0.95	0	reasoning	1	0.4	-0.2	-1	0.55
0.03333333333333333	0.12	0.95	0	reasoning	1	0.4	-0.2	-1	0.55
0.03333333333333333	0.12	0.95	0	reasoning	1	0.4	-0.2	-1	0.55
0.03333333333333333	0.12	0.95	0	reasoning	1	0.4	-0.2	-1	0.55
0.03333333333333333	0.12	0.95	0	reasoning	1	0.4	-0.2	-1	0.55
0.03333333333333333	0.12	0.95	0	reasoning	1	0.4	-0.2	-1	0.55
0.03333333333333333	0.12	0.95	0	reasoning	1	0.4	-0.2	-1	0.55
0.03333333333333333	0.12	0.95	0	reasoning	1	0.4	-0.2	-1	0.55
0.03333333333333333	0.12	0.95	0	reasoning	1	0.4	-0.2	-1	0.55
0.03333333333333333	0.12	0.95	0	reasoning	1	0.4	-0.2	-1	0.55
0.03333333333333333	0.12	0.95	0	reasoning	1	0.4	-0.2	-1	0.55
0.03333333333333333	0.12	0.95	0	reasoning	1	0.4	-0.2	-1	0.55
0.03333333333333333	0.12	0.95	0	reasoning	1	0.4	-0.2	-1	0.55
0.03333333333333333	0.12	0.95	0	reasoning	1	0.4	-0.2	-1	0.55
0.03333333333333333	0.12	0.95	0	reasoning	1	0.4	-0.2	-1	0.55
0.03333333333333333	0.12	0.95	0	reasoning	1	0.4	-0.2	-1	0.55
0.03333333333333333	0.12	0.95	0	reasoning	1	0.4	-0.2	-1	0.55
0.03333333333333333	0.12	0.95	0	reasoning	1	0.4	-0.2	-1	0.55
0.03333333333333333	0.12	0.95	0	reasoning	1	0.4	-0.2	-1	0.55
0.03333333333333333	0.12	0.95	0	reasoning	1	0.4	-0.2	-1	0.55
0.03333333333333333	0.12	0.95	0	reasoning	1	0.4	-0.2	-1	0.55
0.03333333333333333	0.12	0.95	0	reasoning	1	0.4	-0.2	-1	0.55
0.03333333333333333	0.12	0.95	0	reasoning	1	0.4	-0.2	-1	0.55
0.03333333333333333	0.12	0.95	0	reasoning	1	0.4	-0.2	-1	0.55
0.03333333333333333	0.12	0.95	0	reasoning	1	0.4	-0.2	-1	0.55
0.03333333333333333	0.12	0.95	0	reasoning	1	0.4	-0.2	-1	0.55
0.03333333333333333	0.12	0.95	0	reasoning	1	0.4	-0.2	-1	0.55
0.03333333333333333	0.12	0.95	0	reasoning	1	0.4	-0.2	-1	0.55
0.03333333333333333	0.12	0.95	0	reasoning	1	0.4	-0.2	-1	0.55
0.03333333333333333	0.12	0.95	0	reasoning	1	0.4	-0.2	-1	0.55
0.03333333333333333	0.12	0.95	0	reasoning	1	0.4	-0.2	-1	0.55
0.03333333333333333	0.12	0.95	0	reasoning	1	0.4	-0.2	-1	0.55
0.03333333333333333	0.12	0.95	0	reasoning	1	0.4	-0.2	-1	0.55
0.03333333333333333	0.12	0.95	0	reasoning	1	0.4	-0.2	-1	0.55
0.03333333333333333	0.12	0.95	0	reasoning	1	0.4	-0.2	-1	0.55
0.03333333333333333	0.12	0.95	0	reasoning	1	0.4	-0.2	-1	0.55
0.03333333333333333	0.12	0.95	0	reasoning	1	0.4	-0.2	-1	0.55
0.03333333333333333	0.12	0.95	0	reasoning	1	0.4	-0.2	-1	0.55
0.03333333333333333	0.12	0.95	0	reasoning	1	0.4	-0.2	-1	0.55
0.03333333333333333	0.12	0.95	0	reasoning	1	0.4	-0.2	-1	0.55
0.03333333333333333	0.12	0.95	0	reasoning	1	0.4	-0.2	-1	0.55
0.03333333333333333	0.12	0.95	0	reasoning	1	0.4	-0.2	-1	0.55
0.03333333333333333	0.12	0.95	0	reasoning	1	0.4	-0.2	-1	0.55
0.03333333333333333	0.12	0.95	0	reasoning	1	0.4	-0.2	-1	0.55
0.03333333333333333	0.12	0.95	0	reasoning	1	0.4	-0.2	-1	0.55
0.03333333333333333	0.12	0.95	0	reasoning	1	0.4	-0.2	-1	0.55
0.03333333333333333	0.12	0.95	0	reasoning	1	0.4	-0.2	-1	0.55
0.03333333333333333	0.12	0.95	0	reasoning	1	0.4	-0.2	-1	0.55
0.03333333333333333	0.12	0.95	0	reasoning	1	0.4	-0.2	-1	0.55
0.03333333333333333	0.12	0.95	0	reasoning	1	0.4	-0.2	-1	0.55
0.03333333333333333	0.12	0.95	0	reasoning	1	0.4	-0.2	-1	0.55
0.03333333333333333	0.12	0.95	0	reasoning	1	0.4	-0.2	-1	0.55
0.03333333333333333	0.12	0.95	0	reasoning	1	0.4	-0.2	-1	0.55
0.03333333333333333	0.12	0.95	0	reasoning	1	0.4	-0.2	-1	0.55
0.03333333333333333	0.12	0.95	0	reasoning	1	0.4	-0.2	-1	0.55
0.03333333333333333	0.12	0.95	0	reasoning	1	0.4	-0.2	-1	0.55
0.03333333333333333	0.12	0.95	0	reasoning	1	0.4	-0.2	-1	0.55
0.03333333333333333	0.12	0.95	0	reasoning	1	0.4	-0.2	-1	0.55
0.03333333333333333	0.12	0.95	0	reasoning	1	0.4	-0.2	-1	0.55
0.03333333333333333	0.12	0.95	0	reasoning	1	0.4	-0.2	-1	0.55
0.03333333333333333	0.12	0.95	0	reasoning	1	0.4	-0.2	-1	0.55
0.03333333333333333	0.12	0.95	0	reasoning	1	0.4	-0.2	-1	0.55
0.03333333333333333	0.12	0.95	0	reasoning	1	0.4	-0.2	-1	0.55
0.03333333333333333	0.12	0.95	0	reasoning	1	0.4	-0.2	-1	0.55
0.03333333333333333	0.12	0.95	0	reasoning	1	0.4	-0.2	-1	0.55
0.03333333333333333	0.12	0.95	0	reasoning	1	0.4	-0.2	-1	0.55
0.03333333333333333	0.12	0.95	0	reasoning	1	0.4	-0.2	-1	0.55
0.03333333333333333	0.12	0.95	0	reasoning	1	0.4	-0.2	-1	0.55
0.03333333333333333	0.12	0.95	0	reasoning	1	0.4	-0.2	-1	0.55
0.03333333333333333	0.12	0.95	0	reasoning	1	0.4	-0.2	-1	0.55
0.03333333333333333	0.12	0.95	0	reasoning	1	0.4	-0.2	-1	0.55
0.03333333333333333	0.12	0.95	0	reasoning	1	0.4	-0.2	-1	0.55
0.03333333333333333	0.12	0.95	0	reasoning	1	0.4	-0.2	-1	0.55
0.03333333333333333	0.12	0.95	0	reasoning	1	0.4	-0.2	-1	0.55
0.03333333333333333	0.12	0.95	0	reasoning	1	0.4	-0.2	-1	0.55
0.03333333333333333	0.12	0.95	0	reasoning	1	0.4	-0.2	-1	0.55
0.03333333333333333	0.12	0.95	0	reasoning	1	0.4	-0.2	-1	0.55
0.03333333333333333	0.12	0.95	0	reasoning	1	0.4	-0.2	-1	0.55
0.03333333333333333	0.12	0.95	0	reasoning	1	0.4	-0.2	-1	0.55
0.03333333333333333	0.12	0.95	0	reasoning	1	0.4	-0.2	-1	0.55
0.03333333333333333	0.12	0.95	0	reasoning	1	0.4	-0.2	-1	0.55
0.03333333333333333	0.12	0.95	0	reasoning	1	0.4	-0.2	-1	0.55
0.03333333333333333	0.12	0.95	0	reasoning	1	0.4	-0.2	-1	0.55
0.03333333333333333	0.12	0.95	0	reasoning	1	0.4	-0.2	-1	0.55
0.03333333333333333	0.12	0.95	0	reasoning	1	0.4	-0.2	-1	0.55
0.03333333333333333	0.12	0.95	0	reasoning	1	0.4	-0.2	-1	0.55
0.03333333333333333	0.12	0.95	0	reasoning	1	0.4	-0.2	-1	0.55
0.03333333333333333	0.12	0.95	0	reasoning	1	0.4	-0.2	-1	0.55
0.03333333333333333	0.12	0.95	0	reasoning	1	0.4	-0.2	-1	0.55
0.03333333333333333	0.12	0.95	0	reasoning	1	0.4	-0.2	-1	0.55
0.03333333333333333	0.12	0.95	0	reasoning	1	0.4	-0.2	-1	0.55
0.03333333333333333	0.12	0.95	0	reasoning	1	0.4	-0.2	-1	0.55
0.03333333333333333	0.12	0.95	0	reasoning	1	0.4	-0.2	-1	0.55
0.03333333333333333	0.12	0.95	0	reasoning	1	0.4	-0.2	-1	0.55
0.03333333333333333	0.12	0.95	0	reasoning	1	0.4	-0.2	-1	0.55
0.03333333333333333	0.12	0.95	0	reasoning	1	0.4	-0.2	-1	0.55
0.03333333333333333	0.12	0.95	0	reasoning	1	0.4	-0.2	-1	0.55
0.03333333333333333	0.12	0.95	0	reasoning	1	0.4	-0.2	-1	0.55
0.03333333333333333	0.12	0.95	0	reasoning	1	0.4	-0.2	-1	0.55
0.03333333333333333	0.12	0.95	0	reasoning	1	0.4	-0.2	-1	0.55
0.03333333333333333	0.12	0.95	0	reasoning	1	0.4	-0.2	-1	0.55
0.03333333333333333	0.12	0.95	0	reasoning	1	0.4	-0.2	-1	0.55
0.03333333333333333	0.12	0.95	0	reasoning	1	0.4	-0.2	-1	0.55
0.03333333333333333	0.12	0.95	0	reasoning	1	0.4	-0.2	-1	0.55
0.03333333333333333	0.12	0.95	0	reasoning	1	0.4	-0.2	-1	0.55
0.03333333333333333	0.12	0.95	0	reasoning	1	0.4	-0.2	-1	0.55
0.03333333333333333	0.12	0.95	0	reasoning	1	0.4	-0.2	-1	0.55
0.03333333333333333	0.12	0.95	0	reasoning	1	0.4	-0.2	-1	0.55
0.03333333333333333	0.12	0.95	0	reasoning	1	0.4	-0.2	-1	0.55
0.03333333333333333	0.12	0.95	0	reasoning	1	0.4	-0.2	-1	0.55
0.03333333333333333	0.12	0.95	0	reasoning	1	0.4	-0.2	-1	0.55
0.03333333333333333	0.12	0.95	0	reasoning	1	0.4	-0.2	-1	0.55
0.03333333333333333	0.12	0.95	0	reasoning	1	0.4	-0.2	-1	0.55
0.03333333333333333	0.12	0.95	0	reasoning	1	0.4	-0.2	-1	0.55
0.03333333333333333	0.12	0.95	0	reasoning	1	0.4	-0.2	-1	0.55
0.03333333333333333	0.12	0.95	0	reasoning	1	0.4	-0.2	-1	0.55
0.03333333333333333	0.12	0.95	0	reasoning	1	0.4	-0.2	-1	0.55
0.03333333333333333	0.12	0.95	0	reasoning	1	0.4	-0.2	-1	0.55
0.03333333333333333	0.12	0.95	0	reasoning	1	0.4	-0.2	-1	0.55
0.03333333333333333	0.12	0.95	0	reasoning	1	0.4	-0.2	-1	0.55
0.03333333333333333	0.12	0.95	0	reasoning	1	0.4	-0.2	-1	0.55
0.03333333333333333	0.12	0.95	0	reasoning	1	0.4	-0.2	-1	0.55
0.03333333333333333	0.12	0.95	0	reasoning	1	0.4	-0.2	-1	0.55
0.03333333333333333	0.12	0.95	0	reasoning	1	0.4	-0.2	-1	0.55
0.03333333333333333	0.12	0.95	0	reasoning	1	0.4	-0.2	-1	0.55
0.03333333333333333	0.12	0.95	0	reasoning	1	0.4	-0.2	-1	0.55
0.03333333333333333	0.12	0.95	0	reasoning	1	0.4	-0.2	-1	0.55
0.03333333333333333	0.12	0.95	0	reasoning	1	0.4	-0.2	-1	0.55
0.03333333333333333	0.12	0.95	0	reasoning	1	0.4	-0.2	-1	0.55
0.03333333333333333	0.12	0.95	0	reasoning	1	0.4	-0.2	-1	0.55
0.03333333333333333	0.12	0.95	0	reasoning	1	0.4	-0.2	-1	0.55
0.03333333333333333	0.12	0.95	0	reasoning	1	0.4	-0.2	-1	0.55
0.03333333333333333	0.12	0.95	0	reasoning	1	0.4	-0.2	-1	0.55
0.03333333333333333	0.12	0.95	0	reasoning	1	0.39933052586113815	-0.19966526293056908	-0.9966526293056905	0.5507531584062196
0.03333333333333333	0.12	0.95	0	reasoning	1	0.397365295324479	-0.1986826476622395	-0.986826476622395	0.5529640427599611
0.03333333333333333	0.12	0.95	0	reasoning	1	0.3941690962099126	-0.1970845481049563	-0.9708454810495627	0.5565597667638484
0.03333333333333333	0.12	0.95	0	reasoning	1	0.3898067163373286	-0.1949033581686643	-0.9490335816866429	0.5614674441205054
0.03333333333333333	0.12	0.95	0	reasoning	1	0.384342943526617	-0.1921714717633085	-0.921714717633085	0.567614188532556
0.03333333333333333	0.12	0.95	0	reasoning	1	0.37784256559766766	-0.18892128279883383	-0.8892128279883382	0.574927113702624
0.03333333333333333	0.12	0.95	0	reasoning	1	0.3703703703703704	-0.1851851851851852	-0.8518518518518519	0.5833333333333334
0.03333333333333333	0.12	0.95	0	reasoning	1	0.3619911456646151	-0.18099557283230755	-0.8099557283230753	0.5927599611273081
0.03333333333333333	0.12	0.95	0	reasoning	1	0.35276967930029157	-0.17638483965014579	-0.7638483965014577	0.603134110787172
0.03333333333333333	0.12	0.95	0	reasoning	1	0.3427707590972897	-0.17138537954864486	-0.7138537954864486	0.6143828960155491
0.03333333333333333	0.12	0.95	0	reasoning	1	0.3320591728754994	-0.1660295864377497	-0.660295864377497	0.6264334305150632
0.03333333333333333	0.12	0.95	0	reasoning	1	0.3206997084548105	-0.16034985422740525	-0.6034985422740524	0.6392128279883382
0.03333333333333333	0.12	0.95	0	reasoning	1	0.30875715365511286	-0.15437857682755643	-0.5437857682755642	0.6526482021379981
0.03333333333333333	0.12	0.95	0	reasoning	1	0.29629629629629634	-0.14814814814814817	-0.4814814814814815	0.6666666666666667
0.03333333333333333	0.12	0.95	0	reasoning	1	0.28338192419825076	-0.14169096209912538	-0.4169096209912536	0.681195335276968
0.03333333333333333	0.12	0.95	0	reasoning	1	0.270078825180866	-0.135039412590433	-0.35039412590433006	0.6961613216715258
0.03333333333333333	0.12	0.95	0	reasoning	1	0.25645178706403193	-0.12822589353201597	-0.2822589353201598	0.7114917395529641
0.03333333333333333	0.12	0.95	0	reasoning	1	0.24256559766763852	-0.12128279883381926	-0.2128279883381925	0.7271137026239067
0.03333333333333333	0.12	0.95	0	reasoning	1	0.22848504481157542	-0.11424252240578771	-0.14242522405787705	0.7429543245869776
0.03333333333333333	0.12	0.95	0	reasoning	1	0.2142749163157327	-0.10713745815786635	-0.07137458157866339	0.7589407191448008
0.03333333333333333	0.12	0.95	0	reasoning	1	0.2	-0.1	0	0.775
0.03333333333333333	0.12	0.95	0	reasoning	1	0.18572508368426735	-0.09286254184213368	0.07137458157866328	0.7910592808551993
0.03333333333333333	0.12	0.95	0	reasoning	1	0.17151495518842458	-0.08575747759421229	0.14242522405787716	0.8070456754130224
0.03333333333333333	0.12	0.95	0	reasoning	1	0.15743440233236156	-0.07871720116618078	0.21282798833819228	0.8228862973760933
0.03333333333333333	0.12	0.95	0	reasoning	1	0.1435482129359681	-0.07177410646798404	0.28225893532015967	0.838508260447036
0.03333333333333333	0.12	0.95	0	reasoning	1	0.129921174819134	-0.064960587409567	0.35039412590432994	0.8538386783284743
0.03333333333333333	0.12	0.95	0	reasoning	1	0.11661807580174927	-0.05830903790087463	0.4169096209912537	0.8688046647230321
0.03333333333333333	0.12	0.95	0	reasoning	1	0.10370370370370374	-0.05185185185185187	0.4814814814814814	0.8833333333333333
0.03333333333333333	0.12	0.95	0	reasoning	1	0.09124284634488716	-0.04562142317244358	0.5437857682755642	0.897351797862002
0.03333333333333333	0.12	0.95	0	reasoning	1	0.07930029154518953	-0.039650145772594764	0.6034985422740524	0.9107871720116618
0.03333333333333333	0.12	0.95	0	reasoning	1	0.06794082712450061	-0.03397041356225031	0.660295864377497	0.9235665694849369
0.03333333333333333	0.12	0.95	0	reasoning	1	0.05722924090271031	-0.028614620451355155	0.7138537954864483	0.9356171039844509
0.03333333333333333	0.12	0.95	0	reasoning	1	0.04723032069970845	-0.023615160349854225	0.7638483965014577	0.946865889212828
0.03333333333333333	0.12	0.95	0	reasoning	1	0.03800885433538498	-0.01900442716769249	0.8099557283230752	0.9572400388726919
0.03333333333333333	0.12	0.95	0	reasoning	1	0.02962962962962956	-0.01481481481481478	0.8518518518518521	0.9666666666666668
0.03333333333333333	0.12	0.95	0	reasoning	1	0.022157434402332365	-0.011078717201166183	0.8892128279883382	0.9750728862973761
0.03333333333333333	0.12	0.95	0	reasoning	1	0.015657056473383002	-0.007828528236691501	0.9217147176330849	0.9823858114674441
0.03333333333333333	0.12	0.95	0	reasoning	1	0.01019328366267136	-0.00509664183133568	0.9490335816866431	0.9885325558794946
0.03333333333333333	0.12	0.95	0	reasoning	1	0.005830903790087494	-0.002915451895043747	0.9708454810495626	0.9934402332361516
0.03333333333333333	0.12	0.95	0	reasoning	1	0.00263470467552096	-0.00131735233776048	0.9868264766223951	0.9970359572400389
0.03333333333333333	0.12	0.95	0	reasoning	1	0.0006694741388618697	-0.00033473706943093484	0.9966526293056905	0.9992468415937803
0.03333333333333333	0.12	0.95	0	reasoning	1	0	0	1	1
0.03333333333333333	0.12	0.95	0	reasoning	1	0	0	1	1
0.03333333333333333	0.12	0.95	0	reasoning	1	0	0	1	1
0.03333333333333333	0.12	0.95	0	reasoning	1	0	0	1	1
0.03333333333333333	0.12	0.95	0	reasoning	1	0	0	1	1
0.03333333333333333	0.12	0.95	0	reasoning	1	0	0	1	1
0.03333333333333333	0.12	0.95	0	reasoning	1	0	0	1	1
0.03333333333333333	0.12	0.95	0	reasoning	1	0	0	1	1
0.03333333333333333	0.12	0.95	0	reasoning	1	0	0	1	1
0.03333333333333333	0.12	0.95	0	reasoning	1	0	0	1	1
0.03333333333333333	0.12	0.95	0	reasoning	1	0	0	1	1
0.03333333333333333	0.12	0.95	0	reasoning	1	0	0	1	1
0.03333333333333333	0.12	0.95	0	reasoning	1	0	0	1	1
0.03333333333333333	0.12	0.95	0	reasoning	1	0	0	1	1
0.03333333333333333	0.12	0.95	0	reasoning	1	0	0	1	1
0.03333333333333333	0.12	0.95	0	reasoning	1	0	0	1	1
0.03333333333333333	0.12	0.95	0	reasoning	1	0	0	1	1
0.03333333333333333	0.12	0.95	0	reasoning	1	0	0	1	1
0.03333333333333333	0.12	0.95	0	reasoning	1	0	0	1	1
0.03333333333333333	0.12	0.95	0	reasoning	1	0	0	1	1
0.03333333333333333	0.12	0.95	0	reasoning	1	0	0	1	1
0.03333333333333333	0.12	0.95	0	reasoning	1	0	0	1	1
0.03333333333333333	0.12	0.95	0	reasoning	1	0	0	1	1
0.03333333333333333	0.12	0.95	0	reasoning	1	0	0	1	1
0.03333333333333333	0.12	0.95	0	reasoning	1	0	0	1	1
0.03333333333333333	0.12	0.95	0	reasoning	1	0	0	1	1
0.03333333333333333	0.12	0.95	0	reasoning	1	0	0	1	1
0.03333333333333333	0.12	0.95	0	reasoning	1	0	0	1	1
0.03333333333333333	0.12	0.95	0	reasoning	1	0	0	1	1
0.03333333333333333	0.12	0.95	0	reasoning	1	0	0	1	1
0.03333333333333333	0.12	0.95	0	reasoning	1	0	0	1	1
0.03333333333333333	0.12	0.95	0	reasoning	1	0	0	1	1
0.03333333333333333	0.12	0.95	0	reasoning	1	0	0	1	1
0.03333333333333333	0.12	0.95	0	reasoning	1	0	0	1	1
0.03333333333333333	0.12	0.95	0	reasoning	1	0	0	1	1
0.03333333333333333	0.12	0.95	0	reasoning	1	0	0	1	1
0.03333333333333333	0.12	0.95	0	reasoning	1	0	0	1	1
0.03333333333333333	0.12	0.95	0	reasoning	1	0	0	1	1
0.03333333333333333	0.12	0.95	0	reasoning	1	0	0	1	1
0.03333333333333333	0.12	0.95	0	reasoning	1	0	0	1	1
0.03333333333333333	0.12	0.95	0	reasoning	1	0	0	1	1
0.03333333333333333	0.12	0.95	0	reasoning	1	0	0	1	1
0.03333333333333333	0.12	0.95	0	reasoning	1	0	0	1	1
0.03333333333333333	0.12	0.95	0	reasoning	1	0	0	1	1
0.03333333333333333	0.12	0.95	0	reasoning	1	0	0	1	1
0.03333333333333333	0.12	0.95	0	reasoning	1	0	0	1	1
0.03333333333333333	0.12	0.95	0	reasoning	1	0	0	1	1
0.03333333333333333	0.12	0.95	0	reasoning	1	0	0	1	1
0.03333333333333333	0.12	0.95	0	reasoning	1	0	0	1	1
0.03333333333333333	0.12	0.95	0	reasoning	1	0	0	1	1
0.03333333333333333	0.12	0.95	0	reasoning	1	0	0	1	1
0.03333333333333333	0.12	0.95	0	reasoning	1	0	0	1	1
0.03333333333333333	0.12	0.95	0	reasoning	1	0	0	1	1
0.03333333333333333	0.12	0.95	0	reasoning	1	0	0	1	1
0.03333333333333333	0.12	0.95	0	reasoning	1	0	0	1	1
0.03333333333333333	0.12	0.95	0	reasoning	1	0	0	1	1
0.03333333333333333	0.12	0.95	0	reasoning	1	0	0	1	1
0.03333333333333333	0.12	0.95	0	reasoning	1	0	0	1	1
0.03333333333333333	0.12	0.95	0	reasoning	1	0	0	1	1
0.03333333333333333	0.12	0.95	0	reasoning	1	0	0	1	1
0.03333333333333333	0.12	0.95	0	reasoning	1	0	0	1	1
0.03333333333333333	0.12	0.95	0	reasoning	1	0	0	1	1
0.03333333333333333	0.12	0.95	0	reasoning	1	0	0	1	1
0.03333333333333333	0.12	0.95	0	reasoning	1	0	0	1	1
0.03333333333333333	0.12	0.95	0	reasoning	1	0	0	1	1
0.03333333333333333	0.12	0.95	0	reasoning	1	0	0	1	1
0.03333333333333333	0.12	0.95	0	reasoning	1	0	0	1	1
0.03333333333333333	0.12	0.95	0	reasoning	1	0	0	1	1
0.03333333333333333	0.12	0.95	0	reasoning	1	0	0	1	1
0.03333333333333333	0.12	0.95	0	reasoning	1	0	0	1	1
0.03333333333333333	0.12	0.95	0	reasoning	1	0	0	1	1
0.03333333333333333	0.12	0.95	0	reasoning	1	0	0	1	1
0.03333333333333333	0.12	0.95	0	reasoning	1	0	0	1	1
0.03333333333333333	0.12	0.95	0	reasoning	1	0	0	1	1
0.03333333333333333	0.12	0.95	0	reasoning	1	0	0	1	1
0.03333333333333333	0.12	0.95	0	reasoning	1	0	0	1	1
0.03333333333333333	0.12	0.95	0	reasoning	1	0	0	1	1
0.03333333333333333	0.12	0.95	0	reasoning	1	0	0	1	1
0.03333333333333333	0.12	0.95	0	reasoning	1	0	0	1	1
0.03333333333333333	0.12	0.95	0	reasoning	1	0	0	1	1
0.03333333333333333	0.12	0.95	0	reasoning	1	0	0	1	1
0.03333333333333333	0.12	0.95	0	reasoning	1	0	0	1	1
0.03333333333333333	0.12	0.95	0	reasoning	1	0	0	1	1
0.03333333333333333	0.12	0.95	0	reasoning	1	0	0	1	1
0.03333333333333333	0.12	0.95	0	reasoning	1	0	0	1	1
0.03333333333333333	0.12	0.95	0	reasoning	1	0	0	1	1
0.03333333333333333	0.12	0.95	0	reasoning	1	0	0	1	1
0.03333333333333333	0.12	0.95	0	reasoning	1	0	0	1	1
0.03333333333333333	0.12	0.95	0	reasoning	1	0	0	1	1
0.03333333333333333	0.12	0.95	0	reasoning	1	0	0	1	1
0.03333333333333333	0.12	0.95	0	reasoning	1	0	0	1	1
0.03333333333333333	0.12	0.95	0	reasoning	1	0	0	1	1
0.03333333333333333	0.12	0.95	0	reasoning	1	0	0	1	1
0.03333333333333333	0.12	0.95	0	reasoning	1	0	0	1	1
0.03333333333333333	0.12	0.95	0	reasoning	1	0	0	1	1
0.03333333333333333	0.12	0.95	0	reasoning	1	0	0	1	1
0.03333333333333333	0.12	0.95	0	reasoning	1	0	0	1	1
0.03333333333333333	0.12	0.95	0	reasoning	1	0	0	1	1
0.03333333333333333	0.12	0.95	0	reasoning	1	0	0	1	1
0.03333333333333333	0.12	0.95	0	reasoning	1	0	0	1	1
0.03333333333333333	0.12	0.95	0	reasoning	1	0	0	1	1
0.03333333333333333	0.12	0.95	0	reasoning	1	0	0	1	1
0.03333333333333333	0.12	0.95	0	reasoning	1	0	0	1	1
0.03333333333333333	0.12	0.95	0	reasoning	1	0	0	1	1
0.03333333333333333	0.12	0.95	0	reasoning	1	0	0	1	1
0.03333333333333333	0.12	0.95	0	reasoning	1	0	0	1	1
0.03333333333333333	0.12	0.95	0	reasoning	1	0	0	1	1
0.03333333333333333	0.12	0.95	0	reasoning	1	0	0	1	1
0.03333333333333333	0.12	0.95	0	reasoning	1	0	0	1	1
0.03333333333333333	0.12	0.95	0	reasoning	1	0	0	1	1
0.03333333333333333	0.12	0.95	0	reasoning	1	0	0	1	1
0.03333333333333333	0.12	0.95	0	reasoning	1	0	0	1	1
0.03333333333333333	0.12	0.95	0	reasoning	1	0	0	1	1
0.03333333333333333	0.12	0.95	0	reasoning	1	0	0	1	1
0.03333333333333333	0.12	0.95	0	reasoning	1	0	0	1	1
0.03333333333333333	0.12	0.95	0	reasoning	1	0	0	1	1
0.03333333333333333	0.12	0.95	0	reasoning	1	0	0	1	1
0.03333333333333333	0.12	0.95	0	reasoning	1	0	0	1	1
0.03333333333333333	0.12	0.95	0	reasoning	1	0	0	1	1
0.03333333333333333	0.12	0.95	0	reasoning	1	0	0	1	1
0.03333333333333333	0.12	0.95	0	reasoning	1	0	0	1	1
0.03333333333333333	0.12	0.95	0	reasoning	1	0	0	1	1
0.03333333333333333	0.12	0.95	0	reasoning	1	0	0	1	1
0.03333333333333333	0.12	0.95	0	reasoning	1	0	0	1	1
0.03333333333333333	0.12	0.95	0	reasoning	1	0	0	1	1
0.03333333333333333	0.12	0.95	0	reasoning	1	0	0	1	1
0.03333333333333333	0.12	0.95	0	reasoning	1	0	0	1	1
0.03333333333333333	0.12	0.95	0	reasoning	1	0	0	1	1
0.03333333333333333	0.12	0.95	0	reasoning	1	0	0	1	1
0.03333333333333333	0.12	0.95	0	reasoning	1	0	0	1	1
0.03333333333333333	0.12	0.95	0	reasoning	1	0	0	1	1
0.03333333333333333	0.12	0.95	0	reasoning	1	0	0	1	1
0.03333333333333333	0.12	0.95	0	reasoning	1	0	0	1	1
0.03333333333333333	0.12	0.95	0	reasoning	1	0	0	1	1
0.03333333333333333	0.12	0.95	0	reasoning	1	0	0	1	1
0.03333333333333333	0.12	0.95	0	reasoning	1	0	0	1	1
0.03333333333333333	0.12	0.95	0	reasoning	1	0	0	1	1
0.03333333333333333	0.12	0.95	0	reasoning	1	0	0	1	1
